[2025-04-23 14:09:10] POST Data Received
Data: Array
(
    [selected_cart_ids] => 20
    [subtotal] => 111.1
    [customer_name] => Aine
    [customer_contact] => 09238412372
    [customer_address] => Sariaya
    [payment_method] => maya
    [delivery_method] => pickup
    [pickup_date] => 2025-04-24
    [delivery_time] => 
    [delivery_date] => 
    [notes] => 
)

--------------------------------------------------
[2025-04-23 14:09:10] Processed Form Data
Data: Array
(
    [customer_name] => Aine
    [customer_contact] => 09238412372
    [payment_method] => maya
    [delivery_method] => pickup
    [subtotal] => 111.1
)

--------------------------------------------------
[2025-04-23 14:09:10] Selected Cart Items
Data: Array
(
    [0] => 20
)

--------------------------------------------------
[2025-04-23 14:09:10] Total Items Count
Data: 2
--------------------------------------------------
[2025-04-23 14:09:10] Transaction Rolled Back
Data: Array
(
    [error] => Duplicate entry '0' for key 'PRIMARY'
    [debug_info] => Array
        (
            [form_data] => Array
                (
                    [customer_name] => Aine
                    [customer_contact] => 09238412372
                    [payment_method] => maya
                    [delivery_method] => pickup
                    [subtotal] => 111.1
                )

            [cart_items] => Array
                (
                    [0] => 20
                )

            [total_items] => 2
        )

)

--------------------------------------------------
[2025-04-23 14:09:10] Order Processing Error
Data: Array
(
    [error] => Duplicate entry '0' for key 'PRIMARY'
    [debug_info] => Array
        (
            [form_data] => Array
                (
                    [customer_name] => Aine
                    [customer_contact] => 09238412372
                    [payment_method] => maya
                    [delivery_method] => pickup
                    [subtotal] => 111.1
                )

            [cart_items] => Array
                (
                    [0] => 20
                )

            [total_items] => 2
        )

)

--------------------------------------------------
[2025-04-23 14:10:05] POST Data Received
Data: Array
(
    [selected_cart_ids] => 20
    [subtotal] => 111.1
    [customer_name] => Aine
    [customer_contact] => 09238412372
    [customer_address] => Sariaya
    [payment_method] => maya
    [delivery_method] => pickup
    [pickup_date] => 2025-04-24
    [delivery_time] => 
    [delivery_date] => 
    [notes] => 
)

--------------------------------------------------
[2025-04-23 14:10:05] Processed Form Data
Data: Array
(
    [customer_name] => Aine
    [customer_contact] => 09238412372
    [payment_method] => maya
    [delivery_method] => pickup
    [subtotal] => 111.1
)

--------------------------------------------------
[2025-04-23 14:10:05] Selected Cart Items
Data: Array
(
    [0] => 20
)

--------------------------------------------------
[2025-04-23 14:10:05] Total Items Count
Data: 2
--------------------------------------------------
[2025-04-23 14:10:05] Transaction Rolled Back
Data: Array
(
    [error] => Duplicate entry '0' for key 'PRIMARY'
    [debug_info] => Array
        (
            [form_data] => Array
                (
                    [customer_name] => Aine
                    [customer_contact] => 09238412372
                    [payment_method] => maya
                    [delivery_method] => pickup
                    [subtotal] => 111.1
                )

            [cart_items] => Array
                (
                    [0] => 20
                )

            [total_items] => 2
        )

)

--------------------------------------------------
[2025-04-23 14:10:05] Order Processing Error
Data: Array
(
    [error] => Duplicate entry '0' for key 'PRIMARY'
    [debug_info] => Array
        (
            [form_data] => Array
                (
                    [customer_name] => Aine
                    [customer_contact] => 09238412372
                    [payment_method] => maya
                    [delivery_method] => pickup
                    [subtotal] => 111.1
                )

            [cart_items] => Array
                (
                    [0] => 20
                )

            [total_items] => 2
        )

)

--------------------------------------------------
[2025-04-23 14:13:32] POST Data Received
Data: Array
(
    [selected_cart_ids] => 20
    [subtotal] => 111.1
    [customer_name] => Aine
    [customer_contact] => 09238412372
    [customer_address] => Sariaya
    [payment_method] => gcash
    [delivery_method] => pickup
    [pickup_date] => 2025-04-24
    [delivery_time] => 
    [delivery_date] => 
    [notes] => 
)

--------------------------------------------------
[2025-04-23 14:13:32] Processed Form Data
Data: Array
(
    [customer_name] => Aine
    [customer_contact] => 09238412372
    [payment_method] => gcash
    [delivery_method] => pickup
    [subtotal] => 111.1
)

--------------------------------------------------
[2025-04-23 14:13:32] Selected Cart Items
Data: Array
(
    [0] => 20
)

--------------------------------------------------
[2025-04-23 14:13:32] Total Items Count
Data: 2
--------------------------------------------------
[2025-04-23 14:13:32] Transaction Rolled Back
Data: Array
(
    [error] => Duplicate entry '0' for key 'PRIMARY'
    [debug_info] => Array
        (
            [form_data] => Array
                (
                    [customer_name] => Aine
                    [customer_contact] => 09238412372
                    [payment_method] => gcash
                    [delivery_method] => pickup
                    [subtotal] => 111.1
                )

            [cart_items] => Array
                (
                    [0] => 20
                )

            [total_items] => 2
        )

)

--------------------------------------------------
[2025-04-23 14:13:32] Order Processing Error
Data: Array
(
    [error] => Duplicate entry '0' for key 'PRIMARY'
    [debug_info] => Array
        (
            [form_data] => Array
                (
                    [customer_name] => Aine
                    [customer_contact] => 09238412372
                    [payment_method] => gcash
                    [delivery_method] => pickup
                    [subtotal] => 111.1
                )

            [cart_items] => Array
                (
                    [0] => 20
                )

            [total_items] => 2
        )

)

--------------------------------------------------
[2025-04-23 14:23:07] POST Data Received
Data: Array
(
    [selected_cart_ids] => 20
    [subtotal] => 111.1
    [customer_name] => Annalyn De Chavez
    [customer_email] => annadechavez@hotmail.com
    [customer_contact] => 09238412372
    [customer_address] => Sariaya
    [payment_method] => maya
    [delivery_method] => pickup
    [pickup_date] => 2025-04-24
    [delivery_time] => 09:00
    [delivery_date] => 2025-04-24
    [notes] => 
)

--------------------------------------------------
[2025-04-23 14:23:07] Processed Form Data
Data: Array
(
    [customer_name] => Annalyn De Chavez
    [customer_contact] => 09238412372
    [payment_method] => maya
    [delivery_method] => pickup
    [subtotal] => 111.1
)

--------------------------------------------------
[2025-04-23 14:23:07] Selected Cart Items
Data: Array
(
    [0] => 20
)

--------------------------------------------------
[2025-04-23 14:23:07] Total Items Count
Data: 2
--------------------------------------------------
[2025-04-23 14:23:07] Transaction Rolled Back
Data: Array
(
    [error] => Duplicate entry '0' for key 'PRIMARY'
    [debug_info] => Array
        (
            [form_data] => Array
                (
                    [customer_name] => Annalyn De Chavez
                    [customer_contact] => 09238412372
                    [payment_method] => maya
                    [delivery_method] => pickup
                    [subtotal] => 111.1
                )

            [cart_items] => Array
                (
                    [0] => 20
                )

            [total_items] => 2
        )

)

--------------------------------------------------
[2025-04-23 14:23:07] Order Processing Error
Data: Array
(
    [error] => Duplicate entry '0' for key 'PRIMARY'
    [debug_info] => Array
        (
            [form_data] => Array
                (
                    [customer_name] => Annalyn De Chavez
                    [customer_contact] => 09238412372
                    [payment_method] => maya
                    [delivery_method] => pickup
                    [subtotal] => 111.1
                )

            [cart_items] => Array
                (
                    [0] => 20
                )

            [total_items] => 2
        )

)

--------------------------------------------------
[2025-04-23 14:25:02] POST Data Received
Data: Array
(
    [selected_cart_ids] => 20
    [subtotal] => 111.1
    [customer_name] => Annalyn De Chavez
    [customer_email] => annadechavez@hotmail.com
    [customer_contact] => 09238412372
    [customer_address] => Sariaya
    [payment_method] => maya
    [delivery_method] => pickup
    [pickup_date] => 2025-04-24
    [delivery_time] => 09:00
    [delivery_date] => 2025-04-24
    [notes] => 
)

--------------------------------------------------
[2025-04-23 14:25:02] Processed Form Data
Data: Array
(
    [customer_name] => Annalyn De Chavez
    [customer_contact] => 09238412372
    [customer_email] => annadechavez@hotmail.com
    [payment_method] => maya
    [delivery_method] => pickup
    [subtotal] => 111.1
)

--------------------------------------------------
[2025-04-23 14:25:02] Selected Cart Items
Data: Array
(
    [0] => 20
)

--------------------------------------------------
[2025-04-23 14:25:02] Total Items Count
Data: 2
--------------------------------------------------
[2025-04-23 14:25:02] Transaction Rolled Back
Data: Array
(
    [error] => Unknown column 'user_id' in 'field list'
    [debug_info] => Array
        (
            [form_data] => Array
                (
                    [customer_name] => Annalyn De Chavez
                    [customer_contact] => 09238412372
                    [customer_email] => annadechavez@hotmail.com
                    [payment_method] => maya
                    [delivery_method] => pickup
                    [subtotal] => 111.1
                )

            [cart_items] => Array
                (
                    [0] => 20
                )

            [total_items] => 2
        )

)

--------------------------------------------------
[2025-04-23 14:25:02] Order Processing Error
Data: Array
(
    [error] => Unknown column 'user_id' in 'field list'
    [debug_info] => Array
        (
            [form_data] => Array
                (
                    [customer_name] => Annalyn De Chavez
                    [customer_contact] => 09238412372
                    [customer_email] => annadechavez@hotmail.com
                    [payment_method] => maya
                    [delivery_method] => pickup
                    [subtotal] => 111.1
                )

            [cart_items] => Array
                (
                    [0] => 20
                )

            [total_items] => 2
        )

)

--------------------------------------------------
[2025-04-23 14:26:24] POST Data Received
Data: Array
(
    [selected_cart_ids] => 20
    [subtotal] => 111.1
    [customer_name] => Annalyn De Chavez
    [customer_email] => annadechavez@hotmail.com
    [customer_contact] => 09238412372
    [customer_address] => Sariaya
    [payment_method] => maya
    [delivery_method] => pickup
    [pickup_date] => 2025-04-24
    [delivery_time] => 09:00
    [delivery_date] => 2025-04-24
    [notes] => 
)

--------------------------------------------------
[2025-04-23 14:26:24] Processed Form Data
Data: Array
(
    [customer_name] => Annalyn De Chavez
    [customer_contact] => 09238412372
    [customer_email] => annadechavez@hotmail.com
    [payment_method] => maya
    [delivery_method] => pickup
    [subtotal] => 111.1
)

--------------------------------------------------
[2025-04-23 14:26:24] Selected Cart Items
Data: Array
(
    [0] => 20
)

--------------------------------------------------
[2025-04-23 14:26:24] Total Items Count
Data: 2
--------------------------------------------------
[2025-04-23 14:26:24] Transaction Rolled Back
Data: Array
(
    [error] => Unknown column 'user_id' in 'field list'
    [debug_info] => Array
        (
            [form_data] => Array
                (
                    [customer_name] => Annalyn De Chavez
                    [customer_contact] => 09238412372
                    [customer_email] => annadechavez@hotmail.com
                    [payment_method] => maya
                    [delivery_method] => pickup
                    [subtotal] => 111.1
                )

            [cart_items] => Array
                (
                    [0] => 20
                )

            [total_items] => 2
        )

)

--------------------------------------------------
[2025-04-23 14:26:24] Order Processing Error
Data: Array
(
    [error] => Unknown column 'user_id' in 'field list'
    [debug_info] => Array
        (
            [form_data] => Array
                (
                    [customer_name] => Annalyn De Chavez
                    [customer_contact] => 09238412372
                    [customer_email] => annadechavez@hotmail.com
                    [payment_method] => maya
                    [delivery_method] => pickup
                    [subtotal] => 111.1
                )

            [cart_items] => Array
                (
                    [0] => 20
                )

            [total_items] => 2
        )

)

--------------------------------------------------
[2025-04-23 14:28:12] POST Data Received
Data: Array
(
    [selected_cart_ids] => 20
    [subtotal] => 111.1
    [customer_name] => Annalyn De Chavez
    [customer_email] => annadechavez@hotmail.com
    [customer_contact] => 09238412372
    [customer_address] => Sariaya
    [payment_method] => maya
    [delivery_method] => pickup
    [pickup_date] => 2025-04-24
    [delivery_time] => 09:00
    [delivery_date] => 2025-04-24
    [notes] => 
)

--------------------------------------------------
[2025-04-23 14:28:12] Processed Form Data
Data: Array
(
    [customer_name] => Annalyn De Chavez
    [customer_contact] => 09238412372
    [customer_email] => annadechavez@hotmail.com
    [payment_method] => maya
    [delivery_method] => pickup
    [subtotal] => 111.1
)

--------------------------------------------------
[2025-04-23 14:28:12] Selected Cart Items
Data: Array
(
    [0] => 20
)

--------------------------------------------------
[2025-04-23 14:28:12] Total Items Count
Data: 2
--------------------------------------------------
[2025-04-23 14:28:12] Transaction Rolled Back
Data: Array
(
    [error] => Unknown column 'customer_email' in 'field list'
    [debug_info] => Array
        (
            [form_data] => Array
                (
                    [customer_name] => Annalyn De Chavez
                    [customer_contact] => 09238412372
                    [customer_email] => annadechavez@hotmail.com
                    [payment_method] => maya
                    [delivery_method] => pickup
                    [subtotal] => 111.1
                )

            [cart_items] => Array
                (
                    [0] => 20
                )

            [total_items] => 2
        )

)

--------------------------------------------------
[2025-04-23 14:28:12] Order Processing Error
Data: Array
(
    [error] => Unknown column 'customer_email' in 'field list'
    [debug_info] => Array
        (
            [form_data] => Array
                (
                    [customer_name] => Annalyn De Chavez
                    [customer_contact] => 09238412372
                    [customer_email] => annadechavez@hotmail.com
                    [payment_method] => maya
                    [delivery_method] => pickup
                    [subtotal] => 111.1
                )

            [cart_items] => Array
                (
                    [0] => 20
                )

            [total_items] => 2
        )

)

--------------------------------------------------
[2025-04-23 14:29:32] POST Data Received
Data: Array
(
    [selected_cart_ids] => 20
    [subtotal] => 111.1
    [customer_name] => Annalyn De Chavez
    [customer_email] => annadechavez@hotmail.com
    [customer_contact] => 09238412372
    [customer_address] => Sariaya
    [payment_method] => maya
    [delivery_method] => pickup
    [pickup_date] => 2025-04-24
    [delivery_time] => 09:00
    [delivery_date] => 2025-04-24
    [notes] => 
)

--------------------------------------------------
[2025-04-23 14:29:32] Processed Form Data
Data: Array
(
    [customer_name] => Annalyn De Chavez
    [customer_contact] => 09238412372
    [customer_email] => annadechavez@hotmail.com
    [payment_method] => maya
    [delivery_method] => pickup
    [subtotal] => 111.1
)

--------------------------------------------------
[2025-04-23 14:29:32] Selected Cart Items
Data: Array
(
    [0] => 20
)

--------------------------------------------------
[2025-04-23 14:29:32] Total Items Count
Data: 2
--------------------------------------------------
[2025-04-23 14:29:32] Transaction Rolled Back
Data: Array
(
    [error] => Duplicate entry '0' for key 'PRIMARY'
    [debug_info] => Array
        (
            [form_data] => Array
                (
                    [customer_name] => Annalyn De Chavez
                    [customer_contact] => 09238412372
                    [customer_email] => annadechavez@hotmail.com
                    [payment_method] => maya
                    [delivery_method] => pickup
                    [subtotal] => 111.1
                )

            [cart_items] => Array
                (
                    [0] => 20
                )

            [total_items] => 2
        )

)

--------------------------------------------------
[2025-04-23 14:29:32] Order Processing Error
Data: Array
(
    [error] => Duplicate entry '0' for key 'PRIMARY'
    [debug_info] => Array
        (
            [form_data] => Array
                (
                    [customer_name] => Annalyn De Chavez
                    [customer_contact] => 09238412372
                    [customer_email] => annadechavez@hotmail.com
                    [payment_method] => maya
                    [delivery_method] => pickup
                    [subtotal] => 111.1
                )

            [cart_items] => Array
                (
                    [0] => 20
                )

            [total_items] => 2
        )

)

--------------------------------------------------
[2025-04-23 14:35:57] POST Data Received
Data: Array
(
    [selected_cart_ids] => 20
    [subtotal] => 111.1
    [customer_name] => Annalyn De Chavez
    [customer_email] => annadechavez@hotmail.com
    [customer_contact] => 09238412372
    [customer_address] => Sariaya
    [payment_method] => maya
    [delivery_method] => pickup
    [pickup_date] => 2025-04-24
    [delivery_time] => 09:00
    [delivery_date] => 2025-04-24
    [notes] => 
)

--------------------------------------------------
[2025-04-23 14:35:57] Processed Form Data
Data: Array
(
    [customer_name] => Annalyn De Chavez
    [customer_contact] => 09238412372
    [payment_method] => maya
    [delivery_method] => pickup
    [subtotal] => 111.1
)

--------------------------------------------------
[2025-04-23 14:35:57] Selected Cart Items
Data: Array
(
    [0] => 20
)

--------------------------------------------------
[2025-04-23 14:35:57] Total Items Count
Data: 2
--------------------------------------------------
[2025-04-23 14:35:57] Transaction Rolled Back
Data: Array
(
    [error] => Duplicate entry '0' for key 'PRIMARY'
    [debug_info] => Array
        (
            [form_data] => Array
                (
                    [customer_name] => Annalyn De Chavez
                    [customer_contact] => 09238412372
                    [payment_method] => maya
                    [delivery_method] => pickup
                    [subtotal] => 111.1
                )

            [cart_items] => Array
                (
                    [0] => 20
                )

            [total_items] => 2
        )

)

--------------------------------------------------
[2025-04-23 14:35:57] Order Processing Error
Data: Array
(
    [error] => Duplicate entry '0' for key 'PRIMARY'
    [debug_info] => Array
        (
            [form_data] => Array
                (
                    [customer_name] => Annalyn De Chavez
                    [customer_contact] => 09238412372
                    [payment_method] => maya
                    [delivery_method] => pickup
                    [subtotal] => 111.1
                )

            [cart_items] => Array
                (
                    [0] => 20
                )

            [total_items] => 2
        )

)

--------------------------------------------------
[2025-04-23 14:44:13] POST Data Received
Data: Array
(
    [selected_cart_ids] => 20
    [subtotal] => 111.1
    [customer_name] => Annalyn De Chavez
    [customer_email] => annadechavez@hotmail.com
    [customer_contact] => 09238412372
    [customer_address] => Pickup at store
    [payment_method] => gcash
    [delivery_method] => pickup
    [pickup_date] => 2025-04-24
    [delivery_time] => 09:00
    [delivery_date] => 2025-04-24
    [notes] => 
)

--------------------------------------------------
[2025-04-23 14:44:13] Processed Form Data
Data: Array
(
    [customer_name] => Annalyn De Chavez
    [customer_contact] => 09238412372
    [customer_email] => annadechavez@hotmail.com
    [payment_method] => gcash
    [delivery_method] => pickup
    [subtotal] => 111.1
)

--------------------------------------------------
[2025-04-23 14:44:13] Selected Cart Items
Data: Array
(
    [0] => 20
)

--------------------------------------------------
[2025-04-23 14:44:13] Total Items Count
Data: 2
--------------------------------------------------
[2025-04-23 14:45:35] POST Data Received
Data: Array
(
    [selected_cart_ids] => 20
    [subtotal] => 111.1
    [customer_name] => Annalyn De Chavez
    [customer_email] => annadechavez@hotmail.com
    [customer_contact] => 09238412372
    [customer_address] => Pickup at store
    [payment_method] => gcash
    [delivery_method] => pickup
    [pickup_date] => 2025-04-24
    [delivery_time] => 09:00
    [delivery_date] => 2025-04-24
    [notes] => 
)

--------------------------------------------------
[2025-04-23 14:45:35] Processed Form Data
Data: Array
(
    [customer_name] => Annalyn De Chavez
    [customer_contact] => 09238412372
    [customer_email] => annadechavez@hotmail.com
    [payment_method] => gcash
    [delivery_method] => pickup
    [subtotal] => 111.1
)

--------------------------------------------------
[2025-04-23 14:45:35] Selected Cart Items
Data: Array
(
    [0] => 20
)

--------------------------------------------------
[2025-04-23 14:45:35] Total Items Count
Data: 2
--------------------------------------------------
[2025-04-23 14:45:35] Parameter count for explicit ID query
Data: Array
(
    [placeholder_count] => 12
    [sql] => INSERT INTO orders (
                    order_id, customer_name, customer_contact, customer_address, 
                    payment_method, delivery_method, delivery_date, pickup_date, 
                    delivery_time, notes, total_items, total_amount, status, order_date
                ) VALUES (?, ?, ?, ?, ?, ?, ?, ?, ?, ?, ?, ?, 'Pending', NOW())
)

--------------------------------------------------
[2025-04-23 14:45:35] Preparing to insert order
Data: Array
(
    [delivery_method] => Pick-up
    [next_id] => 1
    [sql] => INSERT INTO orders (
                    order_id, customer_name, customer_contact, customer_address, 
                    payment_method, delivery_method, delivery_date, pickup_date, 
                    delivery_time, notes, total_items, total_amount, status, order_date
                ) VALUES (?, ?, ?, ?, ?, ?, ?, ?, ?, ?, ?, ?, 'Pending', NOW())
    [user_id] => 5
    [customer_details] => Array
        (
            [name] => Annalyn De Chavez
            [contact] => 09238412372
            [address] => Pickup at store
        )

)

--------------------------------------------------
[2025-04-23 14:45:35] Order Created
Data: 1
--------------------------------------------------
[2025-04-23 14:45:35] Transaction Rolled Back
Data: Array
(
    [error] => Unknown column 'product_id' in 'field list'
    [debug_info] => Array
        (
            [form_data] => Array
                (
                    [customer_name] => Annalyn De Chavez
                    [customer_contact] => 09238412372
                    [customer_email] => annadechavez@hotmail.com
                    [payment_method] => gcash
                    [delivery_method] => pickup
                    [subtotal] => 111.1
                )

            [cart_items] => Array
                (
                    [0] => 20
                )

            [total_items] => 2
            [order_id] => 1
        )

)

--------------------------------------------------
[2025-04-23 14:45:35] Order Processing Error
Data: Array
(
    [error] => Unknown column 'product_id' in 'field list'
    [debug_info] => Array
        (
            [form_data] => Array
                (
                    [customer_name] => Annalyn De Chavez
                    [customer_contact] => 09238412372
                    [customer_email] => annadechavez@hotmail.com
                    [payment_method] => gcash
                    [delivery_method] => pickup
                    [subtotal] => 111.1
                )

            [cart_items] => Array
                (
                    [0] => 20
                )

            [total_items] => 2
            [order_id] => 1
        )

)

--------------------------------------------------
[2025-04-23 14:47:09] POST Data Received
Data: Array
(
    [selected_cart_ids] => 20
    [subtotal] => 111.1
    [customer_name] => Annalyn De Chavez
    [customer_email] => annadechavez@hotmail.com
    [customer_contact] => 09238412372
    [customer_address] => Pickup at store
    [payment_method] => gcash
    [delivery_method] => pickup
    [pickup_date] => 2025-04-24
    [delivery_time] => 09:00
    [delivery_date] => 2025-04-24
    [notes] => 
)

--------------------------------------------------
[2025-04-23 14:47:09] Processed Form Data
Data: Array
(
    [customer_name] => Annalyn De Chavez
    [customer_contact] => 09238412372
    [customer_email] => annadechavez@hotmail.com
    [payment_method] => gcash
    [delivery_method] => pickup
    [subtotal] => 111.1
)

--------------------------------------------------
[2025-04-23 14:47:09] Selected Cart Items
Data: Array
(
    [0] => 20
)

--------------------------------------------------
[2025-04-23 14:47:09] Total Items Count
Data: 2
--------------------------------------------------
[2025-04-23 14:47:09] Parameter count for explicit ID query
Data: Array
(
    [placeholder_count] => 12
    [sql] => INSERT INTO orders (
                    order_id, customer_name, customer_contact, customer_address, 
                    payment_method, delivery_method, delivery_date, pickup_date, 
                    delivery_time, notes, total_items, total_amount, status, order_date
                ) VALUES (?, ?, ?, ?, ?, ?, ?, ?, ?, ?, ?, ?, 'Pending', NOW())
)

--------------------------------------------------
[2025-04-23 14:47:09] Preparing to insert order
Data: Array
(
    [delivery_method] => Pick-up
    [next_id] => 1
    [sql] => INSERT INTO orders (
                    order_id, customer_name, customer_contact, customer_address, 
                    payment_method, delivery_method, delivery_date, pickup_date, 
                    delivery_time, notes, total_items, total_amount, status, order_date
                ) VALUES (?, ?, ?, ?, ?, ?, ?, ?, ?, ?, ?, ?, 'Pending', NOW())
    [user_id] => 5
    [customer_details] => Array
        (
            [name] => Annalyn De Chavez
            [contact] => 09238412372
            [address] => Pickup at store
        )

)

--------------------------------------------------
[2025-04-23 14:47:09] Order Created
Data: 1
--------------------------------------------------
[2025-04-23 14:47:09] Processing Cart Item
Data: Array
(
    [id] => 20
    [user_id] => 5
    [product_id] => 3
    [quantity] => 2
    [price] => 55.55
    [created_at] => 2025-04-23 10:43:06
    [updated_at] => 2025-04-23 17:39:53
    [product_name] => Apple
    [product_stock] => 53
    [image_url] => assets/product-images/Apple/img1.jpg
)

--------------------------------------------------
[2025-04-23 14:47:09] Transaction Committed Successfully
--------------------------------------------------
[2025-04-23 14:52:40] POST Data Received
Data: Array
(
    [selected_cart_ids] => 17,16
    [subtotal] => 533
    [customer_name] => Dya Yin
    [customer_email] => dyayin12@gmail.com
    [customer_contact] => 09238412372
    [customer_address] => Pickup at store
    [payment_method] => gcash
    [delivery_method] => pickup
    [pickup_date] => 2025-04-24
    [delivery_time] => 09:00
    [delivery_date] => 2025-04-24
    [notes] => 
)

--------------------------------------------------
[2025-04-23 14:52:40] Processed Form Data
Data: Array
(
    [customer_name] => Dya Yin
    [customer_contact] => 09238412372
    [customer_email] => dyayin12@gmail.com
    [payment_method] => gcash
    [delivery_method] => pickup
    [subtotal] => 533
)

--------------------------------------------------
[2025-04-23 14:52:40] Selected Cart Items
Data: Array
(
    [0] => 17
    [1] => 16
)

--------------------------------------------------
[2025-04-23 14:52:40] Total Items Count
Data: 2
--------------------------------------------------
[2025-04-23 14:52:40] Parameter count for explicit ID query
Data: Array
(
    [placeholder_count] => 12
    [sql] => INSERT INTO orders (
                    order_id, customer_name, customer_contact, customer_address, 
                    payment_method, delivery_method, delivery_date, pickup_date, 
                    delivery_time, notes, total_items, total_amount, status, order_date
                ) VALUES (?, ?, ?, ?, ?, ?, ?, ?, ?, ?, ?, ?, 'Pending', NOW())
)

--------------------------------------------------
[2025-04-23 14:52:40] Preparing to insert order
Data: Array
(
    [delivery_method] => Pick-up
    [next_id] => 2
    [sql] => INSERT INTO orders (
                    order_id, customer_name, customer_contact, customer_address, 
                    payment_method, delivery_method, delivery_date, pickup_date, 
                    delivery_time, notes, total_items, total_amount, status, order_date
                ) VALUES (?, ?, ?, ?, ?, ?, ?, ?, ?, ?, ?, ?, 'Pending', NOW())
    [user_id] => 3
    [customer_details] => Array
        (
            [name] => Dya Yin
            [contact] => 09238412372
            [address] => Pickup at store
        )

)

--------------------------------------------------
[2025-04-23 14:52:40] Order Created
Data: 2
--------------------------------------------------
[2025-04-23 14:52:40] Processing Cart Item
Data: Array
(
    [id] => 16
    [user_id] => 3
    [product_id] => 9
    [quantity] => 1
    [price] => 500.00
    [created_at] => 2025-04-22 10:06:19
    [updated_at] => 2025-04-23 08:14:00
    [product_name] => Banana Cupcake
    [product_stock] => 33
    [image_url] => assets/product-images/Banana_Cupcake/s1.jpg
)

--------------------------------------------------
[2025-04-23 14:52:40] Processing Cart Item
Data: Array
(
    [id] => 17
    [user_id] => 3
    [product_id] => 8
    [quantity] => 1
    [price] => 33.00
    [created_at] => 2025-04-22 14:03:31
    [updated_at] => 2025-04-23 08:13:55
    [product_name] => asdfasd
    [product_stock] => 21
    [image_url] => assets/product-images/asdfasd/Circle Empty Mid.png
)

--------------------------------------------------
[2025-04-23 14:52:40] Transaction Committed Successfully
--------------------------------------------------
[2025-04-23 15:10:09] POST Data Received
Data: Array
(
    [selected_cart_ids] => 23
    [subtotal] => 55.55
    [customer_name] => Dya Yin
    [customer_email] => dyayin12@gmail.com
    [customer_contact] => 09238412372
    [customer_address] => Pickup at store
    [payment_method] => gcash
    [delivery_method] => pickup
    [pickup_date] => 2025-04-24
    [delivery_time] => 09:00
    [delivery_date] => 2025-04-24
    [notes] => 
)

--------------------------------------------------
[2025-04-23 15:10:09] Processed Form Data
Data: Array
(
    [customer_name] => Dya Yin
    [customer_contact] => 09238412372
    [customer_email] => dyayin12@gmail.com
    [payment_method] => gcash
    [delivery_method] => pickup
    [subtotal] => 55.55
)

--------------------------------------------------
[2025-04-23 15:10:09] Selected Cart Items
Data: Array
(
    [0] => 23
)

--------------------------------------------------
[2025-04-23 15:10:09] Total Items Count
Data: 1
--------------------------------------------------
[2025-04-23 15:10:09] Parameter count for explicit ID query
Data: Array
(
    [placeholder_count] => 12
    [sql] => INSERT INTO orders (
                    order_id, customer_name, customer_contact, customer_address, 
                    payment_method, delivery_method, delivery_date, pickup_date, 
                    delivery_time, notes, total_items, total_amount, status, order_date
                ) VALUES (?, ?, ?, ?, ?, ?, ?, ?, ?, ?, ?, ?, 'Pending', NOW())
)

--------------------------------------------------
[2025-04-23 15:10:09] Preparing to insert order
Data: Array
(
    [delivery_method] => Pick-up
    [next_id] => 3
    [sql] => INSERT INTO orders (
                    order_id, customer_name, customer_contact, customer_address, 
                    payment_method, delivery_method, delivery_date, pickup_date, 
                    delivery_time, notes, total_items, total_amount, status, order_date
                ) VALUES (?, ?, ?, ?, ?, ?, ?, ?, ?, ?, ?, ?, 'Pending', NOW())
    [user_id] => 3
    [customer_details] => Array
        (
            [name] => Dya Yin
            [contact] => 09238412372
            [address] => Pickup at store
        )

)

--------------------------------------------------
[2025-04-23 15:10:09] Order Created
Data: 3
--------------------------------------------------
[2025-04-23 15:10:09] Processing Cart Item
Data: Array
(
    [id] => 23
    [user_id] => 3
    [product_id] => 3
    [quantity] => 1
    [price] => 55.55
    [created_at] => 2025-04-23 21:09:45
    [updated_at] => 2025-04-23 21:09:45
    [product_name] => Apple
    [product_stock] => 51
    [image_url] => assets/product-images/Apple/img1.jpg
)

--------------------------------------------------
[2025-04-23 15:10:09] Transaction Committed Successfully
--------------------------------------------------
[2025-04-23 16:09:12] POST Data Received
Data: Array
(
    [selected_cart_ids] => 24
    [subtotal] => 500
    [customer_name] => Dya Yin
    [customer_email] => dyayin12@gmail.com
    [customer_contact] => 09238412372
    [customer_address] => Pickup at store
    [payment_method] => maya
    [delivery_method] => pickup
    [pickup_date] => 2025-04-24
    [delivery_time] => 09:00
    [delivery_date] => 2025-04-24
    [notes] => 
)

--------------------------------------------------
[2025-04-23 16:09:12] Processed Form Data
Data: Array
(
    [customer_name] => Dya Yin
    [customer_contact] => 09238412372
    [customer_email] => dyayin12@gmail.com
    [payment_method] => maya
    [delivery_method] => pickup
    [subtotal] => 500
)

--------------------------------------------------
[2025-04-23 16:09:12] Selected Cart Items
Data: Array
(
    [0] => 24
)

--------------------------------------------------
[2025-04-23 16:09:12] Total Items Count
Data: 1
--------------------------------------------------
[2025-04-23 16:09:12] Parameter count for explicit ID query
Data: Array
(
    [placeholder_count] => 12
    [sql] => INSERT INTO orders (
                    order_id, customer_name, customer_contact, customer_address, 
                    payment_method, delivery_method, delivery_date, pickup_date, 
                    delivery_time, notes, total_items, total_amount, status, order_date
                ) VALUES (?, ?, ?, ?, ?, ?, ?, ?, ?, ?, ?, ?, 'Pending', NOW())
)

--------------------------------------------------
[2025-04-23 16:09:12] Preparing to insert order
Data: Array
(
    [delivery_method] => Pick-up
    [next_id] => 4
    [sql] => INSERT INTO orders (
                    order_id, customer_name, customer_contact, customer_address, 
                    payment_method, delivery_method, delivery_date, pickup_date, 
                    delivery_time, notes, total_items, total_amount, status, order_date
                ) VALUES (?, ?, ?, ?, ?, ?, ?, ?, ?, ?, ?, ?, 'Pending', NOW())
    [user_id] => 3
    [customer_details] => Array
        (
            [name] => Dya Yin
            [contact] => 09238412372
            [address] => Pickup at store
        )

)

--------------------------------------------------
[2025-04-23 16:09:12] Order Created
Data: 4
--------------------------------------------------
[2025-04-23 16:09:12] Processing Cart Item
Data: Array
(
    [id] => 24
    [user_id] => 3
    [product_id] => 9
    [quantity] => 1
    [price] => 500.00
    [created_at] => 2025-04-23 22:08:49
    [updated_at] => 2025-04-23 22:08:49
    [product_name] => Banana Cupcake
    [product_stock] => 32
    [image_url] => assets/product-images/Banana_Cupcake/s1.jpg
)

--------------------------------------------------
[2025-04-23 16:09:12] Transaction Committed Successfully
--------------------------------------------------
[2025-04-23 16:09:37] POST Data Received
Data: Array
(
    [selected_cart_ids] => 25
    [subtotal] => 33
    [customer_name] => Dya Yin
    [customer_email] => dyayin12@gmail.com
    [customer_contact] => 09238412372
    [customer_address] => Pickup at store
    [payment_method] => gcash
    [delivery_method] => pickup
    [pickup_date] => 2025-04-24
    [delivery_time] => 09:00
    [delivery_date] => 2025-04-24
    [notes] => 
)

--------------------------------------------------
[2025-04-23 16:09:37] Processed Form Data
Data: Array
(
    [customer_name] => Dya Yin
    [customer_contact] => 09238412372
    [customer_email] => dyayin12@gmail.com
    [payment_method] => gcash
    [delivery_method] => pickup
    [subtotal] => 33
)

--------------------------------------------------
[2025-04-23 16:09:37] Selected Cart Items
Data: Array
(
    [0] => 25
)

--------------------------------------------------
[2025-04-23 16:09:37] Total Items Count
Data: 1
--------------------------------------------------
[2025-04-23 16:09:37] Parameter count for explicit ID query
Data: Array
(
    [placeholder_count] => 12
    [sql] => INSERT INTO orders (
                    order_id, customer_name, customer_contact, customer_address, 
                    payment_method, delivery_method, delivery_date, pickup_date, 
                    delivery_time, notes, total_items, total_amount, status, order_date
                ) VALUES (?, ?, ?, ?, ?, ?, ?, ?, ?, ?, ?, ?, 'Pending', NOW())
)

--------------------------------------------------
[2025-04-23 16:09:37] Preparing to insert order
Data: Array
(
    [delivery_method] => Pick-up
    [next_id] => 5
    [sql] => INSERT INTO orders (
                    order_id, customer_name, customer_contact, customer_address, 
                    payment_method, delivery_method, delivery_date, pickup_date, 
                    delivery_time, notes, total_items, total_amount, status, order_date
                ) VALUES (?, ?, ?, ?, ?, ?, ?, ?, ?, ?, ?, ?, 'Pending', NOW())
    [user_id] => 3
    [customer_details] => Array
        (
            [name] => Dya Yin
            [contact] => 09238412372
            [address] => Pickup at store
        )

)

--------------------------------------------------
[2025-04-23 16:09:37] Order Created
Data: 5
--------------------------------------------------
[2025-04-23 16:09:37] Processing Cart Item
Data: Array
(
    [id] => 25
    [user_id] => 3
    [product_id] => 8
    [quantity] => 1
    [price] => 33.00
    [created_at] => 2025-04-23 22:09:27
    [updated_at] => 2025-04-23 22:09:27
    [product_name] => asdfasd
    [product_stock] => 20
    [image_url] => assets/product-images/asdfasd/Circle Empty Mid.png
)

--------------------------------------------------
[2025-04-23 16:09:37] Transaction Committed Successfully
--------------------------------------------------
[2025-04-23 16:12:21] POST Data Received
Data: Array
(
    [selected_cart_ids] => 26
    [subtotal] => 88
    [customer_name] => Dya Yin
    [customer_email] => dyayin12@gmail.com
    [customer_contact] => 09238412372
    [customer_address] => Pickup at store
    [payment_method] => gcash
    [delivery_method] => pickup
    [pickup_date] => 2025-04-24
    [delivery_time] => 09:00
    [delivery_date] => 2025-04-24
    [notes] => 
)

--------------------------------------------------
[2025-04-23 16:12:21] Processed Form Data
Data: Array
(
    [customer_name] => Dya Yin
    [customer_contact] => 09238412372
    [customer_email] => dyayin12@gmail.com
    [payment_method] => gcash
    [delivery_method] => pickup
    [subtotal] => 88
)

--------------------------------------------------
[2025-04-23 16:12:21] Selected Cart Items
Data: Array
(
    [0] => 26
)

--------------------------------------------------
[2025-04-23 16:12:21] Total Items Count
Data: 2
--------------------------------------------------
[2025-04-23 16:12:21] Parameter count for explicit ID query
Data: Array
(
    [placeholder_count] => 12
    [sql] => INSERT INTO orders (
                    order_id, customer_name, customer_contact, customer_address, 
                    payment_method, delivery_method, delivery_date, pickup_date, 
                    delivery_time, notes, total_items, total_amount, status, order_date
                ) VALUES (?, ?, ?, ?, ?, ?, ?, ?, ?, ?, ?, ?, 'Pending', NOW())
)

--------------------------------------------------
[2025-04-23 16:12:21] Preparing to insert order
Data: Array
(
    [delivery_method] => Pick-up
    [next_id] => 6
    [sql] => INSERT INTO orders (
                    order_id, customer_name, customer_contact, customer_address, 
                    payment_method, delivery_method, delivery_date, pickup_date, 
                    delivery_time, notes, total_items, total_amount, status, order_date
                ) VALUES (?, ?, ?, ?, ?, ?, ?, ?, ?, ?, ?, ?, 'Pending', NOW())
    [user_id] => 3
    [customer_details] => Array
        (
            [name] => Dya Yin
            [contact] => 09238412372
            [address] => Pickup at store
        )

)

--------------------------------------------------
[2025-04-23 16:12:21] Order Created
Data: 6
--------------------------------------------------
[2025-04-23 16:12:21] Processing Cart Item
Data: Array
(
    [id] => 26
    [user_id] => 3
    [product_id] => 10
    [quantity] => 2
    [price] => 44.00
    [created_at] => 2025-04-23 22:12:10
    [updated_at] => 2025-04-23 22:12:13
    [product_name] => Testing nga ulet
    [product_stock] => 6
    [image_url] => assets/product-images/Testing_nga_ulet/473608145_660373156315961_4019460050926541782_n.png
)

--------------------------------------------------
[2025-04-23 16:12:21] Transaction Committed Successfully
--------------------------------------------------
[2025-04-23 16:19:23] POST Data Received
Data: Array
(
    [selected_cart_ids] => 27
    [subtotal] => 44
    [customer_name] => Dya Yin
    [customer_email] => dyayin12@gmail.com
    [customer_contact] => 09238412372
    [customer_address] => Pickup at store
    [payment_method] => gcash
    [delivery_method] => pickup
    [pickup_date] => 2025-04-28
    [delivery_time] => 09:00
    [delivery_date] => 2025-04-24
    [notes] => 
)

--------------------------------------------------
[2025-04-23 16:19:23] Processed Form Data
Data: Array
(
    [customer_name] => Dya Yin
    [customer_contact] => 09238412372
    [customer_email] => dyayin12@gmail.com
    [payment_method] => gcash
    [delivery_method] => pickup
    [subtotal] => 44
)

--------------------------------------------------
[2025-04-23 16:19:23] Selected Cart Items
Data: Array
(
    [0] => 27
)

--------------------------------------------------
[2025-04-23 16:19:23] Total Items Count
Data: 1
--------------------------------------------------
[2025-04-23 16:19:23] Parameter count for explicit ID query
Data: Array
(
    [placeholder_count] => 12
    [sql] => INSERT INTO orders (
                    order_id, customer_name, customer_contact, customer_address, 
                    payment_method, delivery_method, delivery_date, pickup_date, 
                    delivery_time, notes, total_items, total_amount, status, order_date
                ) VALUES (?, ?, ?, ?, ?, ?, ?, ?, ?, ?, ?, ?, 'Pending', NOW())
)

--------------------------------------------------
[2025-04-23 16:19:23] Preparing to insert order
Data: Array
(
    [delivery_method] => Pick-up
    [next_id] => 7
    [sql] => INSERT INTO orders (
                    order_id, customer_name, customer_contact, customer_address, 
                    payment_method, delivery_method, delivery_date, pickup_date, 
                    delivery_time, notes, total_items, total_amount, status, order_date
                ) VALUES (?, ?, ?, ?, ?, ?, ?, ?, ?, ?, ?, ?, 'Pending', NOW())
    [user_id] => 3
    [customer_details] => Array
        (
            [name] => Dya Yin
            [contact] => 09238412372
            [address] => Pickup at store
        )

)

--------------------------------------------------
[2025-04-23 16:19:23] Order Created
Data: 7
--------------------------------------------------
[2025-04-23 16:19:23] Processing Cart Item
Data: Array
(
    [id] => 27
    [user_id] => 3
    [product_id] => 10
    [quantity] => 1
    [price] => 44.00
    [created_at] => 2025-04-23 22:19:10
    [updated_at] => 2025-04-23 22:19:10
    [product_name] => Testing nga ulet
    [product_stock] => 4
    [image_url] => assets/product-images/Testing_nga_ulet/473608145_660373156315961_4019460050926541782_n.png
)

--------------------------------------------------
[2025-04-23 16:19:23] Transaction Committed Successfully
--------------------------------------------------
[2025-04-23 16:20:01] POST Data Received
Data: Array
(
    [selected_cart_ids] => 28
    [subtotal] => 132
    [customer_name] => Dya Yin
    [customer_email] => dyayin12@gmail.com
    [customer_contact] => 09238412372
    [customer_address] => Pickup at store
    [payment_method] => maya
    [delivery_method] => pickup
    [pickup_date] => 2025-04-24
    [delivery_time] => 09:00
    [delivery_date] => 2025-04-24
    [notes] => 
)

--------------------------------------------------
[2025-04-23 16:20:01] Processed Form Data
Data: Array
(
    [customer_name] => Dya Yin
    [customer_contact] => 09238412372
    [customer_email] => dyayin12@gmail.com
    [payment_method] => maya
    [delivery_method] => pickup
    [subtotal] => 132
)

--------------------------------------------------
[2025-04-23 16:20:01] Selected Cart Items
Data: Array
(
    [0] => 28
)

--------------------------------------------------
[2025-04-23 16:20:01] Total Items Count
Data: 3
--------------------------------------------------
[2025-04-23 16:20:01] Parameter count for explicit ID query
Data: Array
(
    [placeholder_count] => 12
    [sql] => INSERT INTO orders (
                    order_id, customer_name, customer_contact, customer_address, 
                    payment_method, delivery_method, delivery_date, pickup_date, 
                    delivery_time, notes, total_items, total_amount, status, order_date
                ) VALUES (?, ?, ?, ?, ?, ?, ?, ?, ?, ?, ?, ?, 'Pending', NOW())
)

--------------------------------------------------
[2025-04-23 16:20:01] Preparing to insert order
Data: Array
(
    [delivery_method] => Pick-up
    [next_id] => 8
    [sql] => INSERT INTO orders (
                    order_id, customer_name, customer_contact, customer_address, 
                    payment_method, delivery_method, delivery_date, pickup_date, 
                    delivery_time, notes, total_items, total_amount, status, order_date
                ) VALUES (?, ?, ?, ?, ?, ?, ?, ?, ?, ?, ?, ?, 'Pending', NOW())
    [user_id] => 3
    [customer_details] => Array
        (
            [name] => Dya Yin
            [contact] => 09238412372
            [address] => Pickup at store
        )

)

--------------------------------------------------
[2025-04-23 16:20:01] Order Created
Data: 8
--------------------------------------------------
[2025-04-23 16:20:01] Processing Cart Item
Data: Array
(
    [id] => 28
    [user_id] => 3
    [product_id] => 11
    [quantity] => 3
    [price] => 44.00
    [created_at] => 2025-04-23 22:19:34
    [updated_at] => 2025-04-23 22:19:39
    [product_name] => goku
    [product_stock] => 3
    [image_url] => assets/product-images/goku/g.jpg
)

--------------------------------------------------
[2025-04-23 16:20:01] Transaction Committed Successfully
--------------------------------------------------
[2025-04-23 16:22:46] POST Data Received
Data: Array
(
    [selected_cart_ids] => 29
    [subtotal] => 500
    [actual_time] => 07:00
    [customer_name] => Dya Yin
    [customer_email] => dyayin12@gmail.com
    [customer_contact] => 09238412372
    [customer_address] => Pickup at store
    [payment_method] => gcash
    [delivery_method] => pickup
    [pickup_date] => 2025-04-24
    [delivery_time] => 07:00
    [delivery_date] => 2025-04-24
    [notes] => 
)

--------------------------------------------------
[2025-04-23 16:22:46] Processed Form Data
Data: Array
(
    [customer_name] => Dya Yin
    [customer_contact] => 09238412372
    [customer_email] => dyayin12@gmail.com
    [payment_method] => gcash
    [delivery_method] => pickup
    [subtotal] => 500
)

--------------------------------------------------
[2025-04-23 16:22:46] Selected Cart Items
Data: Array
(
    [0] => 29
)

--------------------------------------------------
[2025-04-23 16:22:46] Total Items Count
Data: 1
--------------------------------------------------
[2025-04-23 16:22:46] Parameter count for explicit ID query
Data: Array
(
    [placeholder_count] => 12
    [sql] => INSERT INTO orders (
                    order_id, customer_name, customer_contact, customer_address, 
                    payment_method, delivery_method, delivery_date, pickup_date, 
                    delivery_time, notes, total_items, total_amount, status, order_date
                ) VALUES (?, ?, ?, ?, ?, ?, ?, ?, ?, ?, ?, ?, 'Pending', NOW())
)

--------------------------------------------------
[2025-04-23 16:22:46] Preparing to insert order
Data: Array
(
    [delivery_method] => Pick-up
    [next_id] => 9
    [sql] => INSERT INTO orders (
                    order_id, customer_name, customer_contact, customer_address, 
                    payment_method, delivery_method, delivery_date, pickup_date, 
                    delivery_time, notes, total_items, total_amount, status, order_date
                ) VALUES (?, ?, ?, ?, ?, ?, ?, ?, ?, ?, ?, ?, 'Pending', NOW())
    [user_id] => 3
    [customer_details] => Array
        (
            [name] => Dya Yin
            [contact] => 09238412372
            [address] => Pickup at store
        )

)

--------------------------------------------------
[2025-04-23 16:22:46] Order Created
Data: 9
--------------------------------------------------
[2025-04-23 16:22:46] Processing Cart Item
Data: Array
(
    [id] => 29
    [user_id] => 3
    [product_id] => 9
    [quantity] => 1
    [price] => 500.00
    [created_at] => 2025-04-23 22:22:33
    [updated_at] => 2025-04-23 22:22:33
    [product_name] => Banana Cupcake
    [product_stock] => 31
    [image_url] => assets/product-images/Banana_Cupcake/s1.jpg
)

--------------------------------------------------
[2025-04-23 16:22:46] Transaction Committed Successfully
--------------------------------------------------
[2025-04-23 16:25:52] POST Data Received
Data: Array
(
    [selected_cart_ids] => 30
    [subtotal] => 500
    [actual_time] => 09:00
    [customer_name] => Dya Yin
    [customer_email] => dyayin12@gmail.com
    [customer_contact] => 09238412372
    [customer_address] => Sariaya
    [payment_method] => gcash
    [pickup_date] => 2025-04-24
    [delivery_time] => 09:00
    [delivery_method] => delivery
    [delivery_date] => 2025-04-30
    [notes] => 
)

--------------------------------------------------
[2025-04-23 16:25:52] Processed Form Data
Data: Array
(
    [customer_name] => Dya Yin
    [customer_contact] => 09238412372
    [customer_email] => dyayin12@gmail.com
    [payment_method] => gcash
    [delivery_method] => delivery
    [subtotal] => 500
)

--------------------------------------------------
[2025-04-23 16:25:52] Selected Cart Items
Data: Array
(
    [0] => 30
)

--------------------------------------------------
[2025-04-23 16:25:52] Total Items Count
Data: 1
--------------------------------------------------
[2025-04-23 16:25:52] Parameter count for explicit ID query
Data: Array
(
    [placeholder_count] => 12
    [sql] => INSERT INTO orders (
                    order_id, customer_name, customer_contact, customer_address, 
                    payment_method, delivery_method, delivery_date, pickup_date, 
                    delivery_time, notes, total_items, total_amount, status, order_date
                ) VALUES (?, ?, ?, ?, ?, ?, ?, ?, ?, ?, ?, ?, 'Pending', NOW())
)

--------------------------------------------------
[2025-04-23 16:25:52] Preparing to insert order
Data: Array
(
    [delivery_method] => Delivery
    [next_id] => 10
    [sql] => INSERT INTO orders (
                    order_id, customer_name, customer_contact, customer_address, 
                    payment_method, delivery_method, delivery_date, pickup_date, 
                    delivery_time, notes, total_items, total_amount, status, order_date
                ) VALUES (?, ?, ?, ?, ?, ?, ?, ?, ?, ?, ?, ?, 'Pending', NOW())
    [user_id] => 3
    [customer_details] => Array
        (
            [name] => Dya Yin
            [contact] => 09238412372
            [address] => Sariaya
        )

)

--------------------------------------------------
[2025-04-23 16:25:52] Order Created
Data: 10
--------------------------------------------------
[2025-04-23 16:25:52] Processing Cart Item
Data: Array
(
    [id] => 30
    [user_id] => 3
    [product_id] => 9
    [quantity] => 1
    [price] => 500.00
    [created_at] => 2025-04-23 22:25:17
    [updated_at] => 2025-04-23 22:25:17
    [product_name] => Banana Cupcake
    [product_stock] => 30
    [image_url] => assets/product-images/Banana_Cupcake/s1.jpg
)

--------------------------------------------------
[2025-04-23 16:25:52] Transaction Committed Successfully
--------------------------------------------------
[2025-04-23 16:46:06] POST Data Received
Data: Array
(
    [selected_cart_ids] => 31
    [subtotal] => 55.55
    [actual_time] => 12:00
    [customer_name] => Dya Yin
    [customer_email] => dyayin12@gmail.com
    [customer_contact] => 09238412372
    [customer_address] => Pickup at store
    [payment_method] => gcash
    [delivery_method] => pickup
    [pickup_date] => 2025-04-24
    [delivery_time] => 12:00
    [delivery_date] => 2025-04-24
    [notes] => 
)

--------------------------------------------------
[2025-04-23 16:46:06] Processed Form Data
Data: Array
(
    [customer_name] => Dya Yin
    [customer_contact] => 09238412372
    [customer_email] => dyayin12@gmail.com
    [payment_method] => gcash
    [delivery_method] => pickup
    [subtotal] => 55.55
)

--------------------------------------------------
[2025-04-23 16:46:06] Selected Cart Items
Data: Array
(
    [0] => 31
)

--------------------------------------------------
[2025-04-23 16:46:06] Total Items Count
Data: 1
--------------------------------------------------
[2025-04-23 16:46:06] Parameter count for explicit ID query
Data: Array
(
    [placeholder_count] => 12
    [sql] => INSERT INTO orders (
                    order_id, customer_name, customer_contact, customer_address, 
                    payment_method, delivery_method, delivery_date, pickup_date, 
                    delivery_time, notes, total_items, total_amount, status, order_date
                ) VALUES (?, ?, ?, ?, ?, ?, ?, ?, ?, ?, ?, ?, 'Pending', NOW())
)

--------------------------------------------------
[2025-04-23 16:46:06] Preparing to insert order
Data: Array
(
    [delivery_method] => Pick-up
    [next_id] => 11
    [sql] => INSERT INTO orders (
                    order_id, customer_name, customer_contact, customer_address, 
                    payment_method, delivery_method, delivery_date, pickup_date, 
                    delivery_time, notes, total_items, total_amount, status, order_date
                ) VALUES (?, ?, ?, ?, ?, ?, ?, ?, ?, ?, ?, ?, 'Pending', NOW())
    [user_id] => 3
    [customer_details] => Array
        (
            [name] => Dya Yin
            [contact] => 09238412372
            [address] => Pickup at store
        )

)

--------------------------------------------------
[2025-04-23 16:46:06] Order Created
Data: 11
--------------------------------------------------
[2025-04-23 16:46:06] Processing Cart Item
Data: Array
(
    [id] => 31
    [user_id] => 3
    [product_id] => 3
    [quantity] => 1
    [price] => 55.55
    [created_at] => 2025-04-23 22:45:52
    [updated_at] => 2025-04-23 22:45:52
    [product_name] => Apple
    [product_stock] => 50
    [image_url] => assets/product-images/Apple/img1.jpg
)

--------------------------------------------------
[2025-04-23 16:46:06] Transaction Committed Successfully
--------------------------------------------------
[2025-04-23 16:46:06] Email notification failed
--------------------------------------------------
[2025-04-23 19:07:14] POST Data Received
Data: Array
(
    [selected_cart_ids] => 32
    [subtotal] => 44
    [actual_time] => 09:00
    [customer_name] => Dya Yin
    [customer_email] => dyayin12@gmail.com
    [customer_contact] => 09238412372
    [customer_address] => Pickup at store
    [payment_method] => gcash
    [delivery_method] => pickup
    [pickup_date] => 2025-04-24
    [delivery_time] => 09:00
    [delivery_date] => 2025-04-24
    [notes] => 
)

--------------------------------------------------
[2025-04-23 19:07:14] Processed Form Data
Data: Array
(
    [customer_name] => Dya Yin
    [customer_contact] => 09238412372
    [customer_email] => dyayin12@gmail.com
    [payment_method] => gcash
    [delivery_method] => pickup
    [subtotal] => 44
)

--------------------------------------------------
[2025-04-23 19:07:14] Selected Cart Items
Data: Array
(
    [0] => 32
)

--------------------------------------------------
[2025-04-23 19:07:14] Total Items Count
Data: 1
--------------------------------------------------
[2025-04-23 19:07:14] Parameter count for explicit ID query
Data: Array
(
    [placeholder_count] => 12
    [sql] => INSERT INTO orders (
                    order_id, customer_name, customer_contact, customer_address, 
                    payment_method, delivery_method, delivery_date, pickup_date, 
                    delivery_time, notes, total_items, total_amount, status, order_date
                ) VALUES (?, ?, ?, ?, ?, ?, ?, ?, ?, ?, ?, ?, 'Pending', NOW())
)

--------------------------------------------------
[2025-04-23 19:07:14] Preparing to insert order
Data: Array
(
    [delivery_method] => Pick-up
    [next_id] => 12
    [sql] => INSERT INTO orders (
                    order_id, customer_name, customer_contact, customer_address, 
                    payment_method, delivery_method, delivery_date, pickup_date, 
                    delivery_time, notes, total_items, total_amount, status, order_date
                ) VALUES (?, ?, ?, ?, ?, ?, ?, ?, ?, ?, ?, ?, 'Pending', NOW())
    [user_id] => 3
    [customer_details] => Array
        (
            [name] => Dya Yin
            [contact] => 09238412372
            [address] => Pickup at store
        )

)

--------------------------------------------------
[2025-04-23 19:07:14] Order Created
Data: 12
--------------------------------------------------
[2025-04-23 19:07:14] Processing Cart Item
Data: Array
(
    [id] => 32
    [user_id] => 3
    [product_id] => 10
    [quantity] => 1
    [price] => 44.00
    [created_at] => 2025-04-24 01:06:57
    [updated_at] => 2025-04-24 01:06:57
    [product_name] => Testing nga ulet
    [product_stock] => 3
    [image_url] => assets/product-images/Testing_nga_ulet/473608145_660373156315961_4019460050926541782_n.png
)

--------------------------------------------------
[2025-04-23 19:07:14] Transaction Committed Successfully
--------------------------------------------------
[2025-04-23 19:07:14] Dummy email notification saved to log
--------------------------------------------------
[2025-04-24 00:14:01] POST Data Received
Data: Array
(
    [selected_cart_ids] => 33
    [subtotal] => 33
    [actual_time] => 09:00
    [customer_name] => Dya Yin
    [customer_email] => dyayin12@gmail.com
    [customer_contact] => 09238412372
    [customer_address] => Pickup at store
    [payment_method] => gcash
    [delivery_method] => pickup
    [pickup_date] => 2025-04-24
    [delivery_time] => 09:00
    [delivery_date] => 2025-04-24
    [notes] => 
)

--------------------------------------------------
[2025-04-24 00:14:01] Processed Form Data
Data: Array
(
    [customer_name] => Dya Yin
    [customer_contact] => 09238412372
    [customer_email] => dyayin12@gmail.com
    [payment_method] => gcash
    [delivery_method] => pickup
    [subtotal] => 33
)

--------------------------------------------------
[2025-04-24 00:14:01] Selected Cart Items
Data: Array
(
    [0] => 33
)

--------------------------------------------------
[2025-04-24 00:14:01] Total Items Count
Data: 1
--------------------------------------------------
[2025-04-24 00:14:01] Parameter count for explicit ID query
Data: Array
(
    [placeholder_count] => 12
    [sql] => INSERT INTO orders (
                    order_id, customer_name, customer_contact, customer_address, 
                    payment_method, delivery_method, delivery_date, pickup_date, 
                    delivery_time, notes, total_items, total_amount, status, order_date
                ) VALUES (?, ?, ?, ?, ?, ?, ?, ?, ?, ?, ?, ?, 'Pending', NOW())
)

--------------------------------------------------
[2025-04-24 00:14:01] Preparing to insert order
Data: Array
(
    [delivery_method] => Pick-up
    [next_id] => 13
    [sql] => INSERT INTO orders (
                    order_id, customer_name, customer_contact, customer_address, 
                    payment_method, delivery_method, delivery_date, pickup_date, 
                    delivery_time, notes, total_items, total_amount, status, order_date
                ) VALUES (?, ?, ?, ?, ?, ?, ?, ?, ?, ?, ?, ?, 'Pending', NOW())
    [user_id] => 3
    [customer_details] => Array
        (
            [name] => Dya Yin
            [contact] => 09238412372
            [address] => Pickup at store
        )

)

--------------------------------------------------
[2025-04-24 00:14:01] Order Created
Data: 13
--------------------------------------------------
[2025-04-24 00:14:01] Processing Cart Item
Data: Array
(
    [id] => 33
    [user_id] => 3
    [product_id] => 8
    [quantity] => 1
    [price] => 33.00
    [created_at] => 2025-04-24 06:13:41
    [updated_at] => 2025-04-24 06:13:41
    [product_name] => asdfasd
    [product_stock] => 19
    [image_url] => assets/product-images/asdfasd/Circle Empty Mid.png
)

--------------------------------------------------
[2025-04-24 00:14:01] Transaction Committed Successfully
--------------------------------------------------
[2025-04-24 00:14:04] Email notification sent
--------------------------------------------------
[2025-04-24 00:18:28] POST Data Received
Data: Array
(
    [selected_cart_ids] => 34
    [subtotal] => 500
    [actual_time] => 09:00
    [customer_name] => Dya Yin
    [customer_email] => dyayin12@gmail.com
    [customer_contact] => 09238412372
    [customer_address] => Pickup at store
    [payment_method] => gcash
    [delivery_method] => pickup
    [pickup_date] => 2025-04-24
    [delivery_time] => 09:00
    [delivery_date] => 2025-04-24
    [notes] => 
)

--------------------------------------------------
[2025-04-24 00:18:28] Processed Form Data
Data: Array
(
    [customer_name] => Dya Yin
    [customer_contact] => 09238412372
    [customer_email] => dyayin12@gmail.com
    [payment_method] => gcash
    [delivery_method] => pickup
    [subtotal] => 500
)

--------------------------------------------------
[2025-04-24 00:18:28] Selected Cart Items
Data: Array
(
    [0] => 34
)

--------------------------------------------------
[2025-04-24 00:18:28] Total Items Count
Data: 1
--------------------------------------------------
[2025-04-24 00:18:28] Parameter count for explicit ID query
Data: Array
(
    [placeholder_count] => 12
    [sql] => INSERT INTO orders (
                    order_id, customer_name, customer_contact, customer_address, 
                    payment_method, delivery_method, delivery_date, pickup_date, 
                    delivery_time, notes, total_items, total_amount, status, order_date
                ) VALUES (?, ?, ?, ?, ?, ?, ?, ?, ?, ?, ?, ?, 'Pending', NOW())
)

--------------------------------------------------
[2025-04-24 00:18:28] Preparing to insert order
Data: Array
(
    [delivery_method] => Pick-up
    [next_id] => 14
    [sql] => INSERT INTO orders (
                    order_id, customer_name, customer_contact, customer_address, 
                    payment_method, delivery_method, delivery_date, pickup_date, 
                    delivery_time, notes, total_items, total_amount, status, order_date
                ) VALUES (?, ?, ?, ?, ?, ?, ?, ?, ?, ?, ?, ?, 'Pending', NOW())
    [user_id] => 3
    [customer_details] => Array
        (
            [name] => Dya Yin
            [contact] => 09238412372
            [address] => Pickup at store
        )

)

--------------------------------------------------
[2025-04-24 00:18:28] Order Created
Data: 14
--------------------------------------------------
[2025-04-24 00:18:28] Processing Cart Item
Data: Array
(
    [id] => 34
    [user_id] => 3
    [product_id] => 9
    [quantity] => 1
    [price] => 500.00
    [created_at] => 2025-04-24 06:18:10
    [updated_at] => 2025-04-24 06:18:10
    [product_name] => Banana Cupcake
    [product_stock] => 29
    [image_url] => assets/product-images/Banana_Cupcake/s1.jpg
)

--------------------------------------------------
[2025-04-24 00:18:28] Transaction Committed Successfully
--------------------------------------------------
[2025-04-24 00:18:31] Email notification sent
--------------------------------------------------
[2025-04-24 00:48:44] POST Data Received
Data: Array
(
    [selected_cart_ids] => 35,36
    [subtotal] => 544
    [actual_time] => 09:00
    [customer_name] => Dya Yin
    [customer_email] => dyayin12@gmail.com
    [customer_contact] => 09238412372
    [customer_address] => Pickup at store
    [payment_method] => gcash
    [delivery_method] => pickup
    [pickup_date] => 2025-04-24
    [delivery_time] => 09:00
    [delivery_date] => 2025-04-24
    [notes] => 
)

--------------------------------------------------
[2025-04-24 00:48:44] Processed Form Data
Data: Array
(
    [customer_name] => Dya Yin
    [customer_contact] => 09238412372
    [customer_email] => dyayin12@gmail.com
    [payment_method] => gcash
    [delivery_method] => pickup
    [subtotal] => 544
)

--------------------------------------------------
[2025-04-24 00:48:44] Selected Cart Items
Data: Array
(
    [0] => 35
    [1] => 36
)

--------------------------------------------------
[2025-04-24 00:48:44] Total Items Count
Data: 2
--------------------------------------------------
[2025-04-24 00:48:44] Parameter count for explicit ID query
Data: Array
(
    [placeholder_count] => 12
    [sql] => INSERT INTO orders (
                    order_id, customer_name, customer_contact, customer_address, 
                    payment_method, delivery_method, delivery_date, pickup_date, 
                    delivery_time, notes, total_items, total_amount, status, order_date
                ) VALUES (?, ?, ?, ?, ?, ?, ?, ?, ?, ?, ?, ?, 'Pending', NOW())
)

--------------------------------------------------
[2025-04-24 00:48:44] Preparing to insert order
Data: Array
(
    [delivery_method] => Pick-up
    [next_id] => 15
    [sql] => INSERT INTO orders (
                    order_id, customer_name, customer_contact, customer_address, 
                    payment_method, delivery_method, delivery_date, pickup_date, 
                    delivery_time, notes, total_items, total_amount, status, order_date
                ) VALUES (?, ?, ?, ?, ?, ?, ?, ?, ?, ?, ?, ?, 'Pending', NOW())
    [user_id] => 3
    [customer_details] => Array
        (
            [name] => Dya Yin
            [contact] => 09238412372
            [address] => Pickup at store
        )

)

--------------------------------------------------
[2025-04-24 00:48:44] Order Created
Data: 15
--------------------------------------------------
[2025-04-24 00:48:44] Processing Cart Item
Data: Array
(
    [id] => 35
    [user_id] => 3
    [product_id] => 9
    [quantity] => 1
    [price] => 500.00
    [created_at] => 2025-04-24 06:47:52
    [updated_at] => 2025-04-24 06:47:52
    [product_name] => Banana Cupcake
    [product_stock] => 28
    [image_url] => assets/product-images/Banana_Cupcake/s1.jpg
)

--------------------------------------------------
[2025-04-24 00:48:44] Processing Cart Item
Data: Array
(
    [id] => 36
    [user_id] => 3
    [product_id] => 10
    [quantity] => 1
    [price] => 44.00
    [created_at] => 2025-04-24 06:48:13
    [updated_at] => 2025-04-24 06:48:13
    [product_name] => Testing nga ulet
    [product_stock] => 2
    [image_url] => assets/product-images/Testing_nga_ulet/473608145_660373156315961_4019460050926541782_n.png
)

--------------------------------------------------
[2025-04-24 00:48:44] Transaction Committed Successfully
--------------------------------------------------
[2025-04-24 00:48:48] Email notification sent
--------------------------------------------------
[2025-04-24 04:43:38] POST Data Received
Data: Array
(
    [selected_cart_ids] => 37
    [subtotal] => 33
    [actual_time] => 
    [customer_name] => Dya Yin
    [customer_email] => dyayin12@gmail.com
    [customer_contact] => 09238412372
    [customer_address] => Pickup at store
    [payment_method] => gcash
    [delivery_method] => pickup
    [pickup_date] => 2025-04-26
    [delivery_time] => 09:00
    [delivery_date] => 2025-04-25
    [notes] => 
)

--------------------------------------------------
[2025-04-24 04:43:38] Processed Form Data
Data: Array
(
    [customer_name] => Dya Yin
    [customer_contact] => 09238412372
    [customer_email] => dyayin12@gmail.com
    [payment_method] => gcash
    [delivery_method] => pickup
    [subtotal] => 33
)

--------------------------------------------------
[2025-04-24 04:43:38] Selected Cart Items
Data: Array
(
    [0] => 37
)

--------------------------------------------------
[2025-04-24 04:43:38] Total Items Count
Data: 1
--------------------------------------------------
[2025-04-24 04:43:38] Parameter count for explicit ID query
Data: Array
(
    [placeholder_count] => 12
    [sql] => INSERT INTO orders (
                    order_id, customer_name, customer_contact, customer_address, 
                    payment_method, delivery_method, delivery_date, pickup_date, 
                    delivery_time, notes, total_items, total_amount, status, order_date
                ) VALUES (?, ?, ?, ?, ?, ?, ?, ?, ?, ?, ?, ?, 'Pending', NOW())
)

--------------------------------------------------
[2025-04-24 04:43:38] Preparing to insert order
Data: Array
(
    [delivery_method] => Pick-up
    [next_id] => 1
    [sql] => INSERT INTO orders (
                    order_id, customer_name, customer_contact, customer_address, 
                    payment_method, delivery_method, delivery_date, pickup_date, 
                    delivery_time, notes, total_items, total_amount, status, order_date
                ) VALUES (?, ?, ?, ?, ?, ?, ?, ?, ?, ?, ?, ?, 'Pending', NOW())
    [user_id] => 3
    [customer_details] => Array
        (
            [name] => Dya Yin
            [contact] => 09238412372
            [address] => Pickup at store
        )

)

--------------------------------------------------
[2025-04-24 04:43:38] Order Created
Data: 1
--------------------------------------------------
[2025-04-24 04:43:38] Processing Cart Item
Data: Array
(
    [id] => 37
    [user_id] => 3
    [product_id] => 8
    [quantity] => 1
    [price] => 33.00
    [created_at] => 2025-04-24 09:58:19
    [updated_at] => 2025-04-24 09:58:19
    [product_name] => asdfasd
    [product_stock] => 18
    [image_url] => assets/product-images/asdfasd/Circle Empty Mid.png
)

--------------------------------------------------
[2025-04-24 04:43:38] Transaction Committed Successfully
--------------------------------------------------
[2025-04-24 04:43:42] Email notification sent
--------------------------------------------------
[2025-04-24 04:44:22] POST Data Received
Data: Array
(
    [selected_cart_ids] => 38
    [subtotal] => 500
    [actual_time] => 
    [customer_name] => Dya Yin
    [customer_email] => dyayin12@gmail.com
    [customer_contact] => 09238412372
    [customer_address] => Pickup at store
    [payment_method] => gcash
    [delivery_method] => pickup
    [pickup_date] => 2025-04-26
    [delivery_time] => 09:00
    [delivery_date] => 2025-04-25
    [notes] => 
)

--------------------------------------------------
[2025-04-24 04:44:22] Processed Form Data
Data: Array
(
    [customer_name] => Dya Yin
    [customer_contact] => 09238412372
    [customer_email] => dyayin12@gmail.com
    [payment_method] => gcash
    [delivery_method] => pickup
    [subtotal] => 500
)

--------------------------------------------------
[2025-04-24 04:44:22] Selected Cart Items
Data: Array
(
    [0] => 38
)

--------------------------------------------------
[2025-04-24 04:44:22] Total Items Count
Data: 1
--------------------------------------------------
[2025-04-24 04:44:22] Parameter count for explicit ID query
Data: Array
(
    [placeholder_count] => 12
    [sql] => INSERT INTO orders (
                    order_id, customer_name, customer_contact, customer_address, 
                    payment_method, delivery_method, delivery_date, pickup_date, 
                    delivery_time, notes, total_items, total_amount, status, order_date
                ) VALUES (?, ?, ?, ?, ?, ?, ?, ?, ?, ?, ?, ?, 'Pending', NOW())
)

--------------------------------------------------
[2025-04-24 04:44:22] Preparing to insert order
Data: Array
(
    [delivery_method] => Pick-up
    [next_id] => 2
    [sql] => INSERT INTO orders (
                    order_id, customer_name, customer_contact, customer_address, 
                    payment_method, delivery_method, delivery_date, pickup_date, 
                    delivery_time, notes, total_items, total_amount, status, order_date
                ) VALUES (?, ?, ?, ?, ?, ?, ?, ?, ?, ?, ?, ?, 'Pending', NOW())
    [user_id] => 3
    [customer_details] => Array
        (
            [name] => Dya Yin
            [contact] => 09238412372
            [address] => Pickup at store
        )

)

--------------------------------------------------
[2025-04-24 04:44:22] Order Created
Data: 2
--------------------------------------------------
[2025-04-24 04:44:22] Processing Cart Item
Data: Array
(
    [id] => 38
    [user_id] => 3
    [product_id] => 9
    [quantity] => 1
    [price] => 500.00
    [created_at] => 2025-04-24 10:43:55
    [updated_at] => 2025-04-24 10:43:55
    [product_name] => Banana Cupcake
    [product_stock] => 27
    [image_url] => assets/product-images/Banana_Cupcake/s1.jpg
)

--------------------------------------------------
[2025-04-24 04:44:22] Transaction Committed Successfully
--------------------------------------------------
[2025-04-24 04:44:26] Email notification sent
--------------------------------------------------
[2025-04-24 04:44:51] POST Data Received
Data: Array
(
    [selected_cart_ids] => 39
    [subtotal] => 44
    [actual_time] => 
    [customer_name] => Dya Yin
    [customer_email] => dyayin12@gmail.com
    [customer_contact] => 09238412372
    [customer_address] => Pickup at store
    [payment_method] => maya
    [delivery_method] => pickup
    [pickup_date] => 2025-04-26
    [delivery_time] => 09:00
    [delivery_date] => 2025-04-25
    [notes] => 
)

--------------------------------------------------
[2025-04-24 04:44:51] Processed Form Data
Data: Array
(
    [customer_name] => Dya Yin
    [customer_contact] => 09238412372
    [customer_email] => dyayin12@gmail.com
    [payment_method] => maya
    [delivery_method] => pickup
    [subtotal] => 44
)

--------------------------------------------------
[2025-04-24 04:44:51] Selected Cart Items
Data: Array
(
    [0] => 39
)

--------------------------------------------------
[2025-04-24 04:44:51] Total Items Count
Data: 1
--------------------------------------------------
[2025-04-24 04:44:51] Parameter count for explicit ID query
Data: Array
(
    [placeholder_count] => 12
    [sql] => INSERT INTO orders (
                    order_id, customer_name, customer_contact, customer_address, 
                    payment_method, delivery_method, delivery_date, pickup_date, 
                    delivery_time, notes, total_items, total_amount, status, order_date
                ) VALUES (?, ?, ?, ?, ?, ?, ?, ?, ?, ?, ?, ?, 'Pending', NOW())
)

--------------------------------------------------
[2025-04-24 04:44:51] Preparing to insert order
Data: Array
(
    [delivery_method] => Pick-up
    [next_id] => 3
    [sql] => INSERT INTO orders (
                    order_id, customer_name, customer_contact, customer_address, 
                    payment_method, delivery_method, delivery_date, pickup_date, 
                    delivery_time, notes, total_items, total_amount, status, order_date
                ) VALUES (?, ?, ?, ?, ?, ?, ?, ?, ?, ?, ?, ?, 'Pending', NOW())
    [user_id] => 3
    [customer_details] => Array
        (
            [name] => Dya Yin
            [contact] => 09238412372
            [address] => Pickup at store
        )

)

--------------------------------------------------
[2025-04-24 04:44:51] Order Created
Data: 3
--------------------------------------------------
[2025-04-24 04:44:51] Processing Cart Item
Data: Array
(
    [id] => 39
    [user_id] => 3
    [product_id] => 10
    [quantity] => 1
    [price] => 44.00
    [created_at] => 2025-04-24 10:44:01
    [updated_at] => 2025-04-24 10:44:01
    [product_name] => Testing nga ulet
    [product_stock] => 1
    [image_url] => assets/product-images/Testing_nga_ulet/473608145_660373156315961_4019460050926541782_n.png
)

--------------------------------------------------
[2025-04-24 04:44:51] Transaction Committed Successfully
--------------------------------------------------
[2025-04-24 04:44:54] Email notification sent
--------------------------------------------------
[2025-04-24 05:01:30] POST Data Received
Data: Array
(
    [selected_cart_ids] => 40
    [subtotal] => 33
    [actual_time] => 
    [customer_name] => Dya Yin
    [customer_email] => dyayin12@gmail.com
    [customer_contact] => 09238412372
    [customer_address] => Pickup at store
    [payment_method] => gcash
    [delivery_method] => pickup
    [pickup_date] => 2025-04-26
    [delivery_time] => 09:00
    [delivery_date] => 2025-04-25
    [notes] => 
)

--------------------------------------------------
[2025-04-24 05:01:30] Processed Form Data
Data: Array
(
    [customer_name] => Dya Yin
    [customer_contact] => 09238412372
    [customer_email] => dyayin12@gmail.com
    [payment_method] => gcash
    [delivery_method] => pickup
    [subtotal] => 33
)

--------------------------------------------------
[2025-04-24 05:01:30] Selected Cart Items
Data: Array
(
    [0] => 40
)

--------------------------------------------------
[2025-04-24 05:01:30] Total Items Count
Data: 1
--------------------------------------------------
[2025-04-24 05:01:30] Parameter count for explicit ID query
Data: Array
(
    [placeholder_count] => 12
    [sql] => INSERT INTO orders (
                    order_id, customer_name, customer_contact, customer_address, 
                    payment_method, delivery_method, delivery_date, pickup_date, 
                    delivery_time, notes, total_items, total_amount, status, order_date
                ) VALUES (?, ?, ?, ?, ?, ?, ?, ?, ?, ?, ?, ?, 'Pending', NOW())
)

--------------------------------------------------
[2025-04-24 05:01:30] Preparing to insert order
Data: Array
(
    [delivery_method] => Pick-up
    [next_id] => 4
    [sql] => INSERT INTO orders (
                    order_id, customer_name, customer_contact, customer_address, 
                    payment_method, delivery_method, delivery_date, pickup_date, 
                    delivery_time, notes, total_items, total_amount, status, order_date
                ) VALUES (?, ?, ?, ?, ?, ?, ?, ?, ?, ?, ?, ?, 'Pending', NOW())
    [user_id] => 3
    [customer_details] => Array
        (
            [name] => Dya Yin
            [contact] => 09238412372
            [address] => Pickup at store
        )

)

--------------------------------------------------
[2025-04-24 05:01:30] Order Created
Data: 4
--------------------------------------------------
[2025-04-24 05:01:30] Processing Cart Item
Data: Array
(
    [id] => 40
    [user_id] => 3
    [product_id] => 8
    [quantity] => 1
    [price] => 33.00
    [created_at] => 2025-04-24 10:45:07
    [updated_at] => 2025-04-24 10:45:07
    [product_name] => asdfasd
    [product_stock] => 17
    [image_url] => assets/product-images/asdfasd/Circle Empty Mid.png
)

--------------------------------------------------
[2025-04-24 05:01:30] Transaction Committed Successfully
--------------------------------------------------
[2025-04-24 05:01:33] Email notification sent
--------------------------------------------------
[2025-04-24 05:08:17] POST Data Received
Data: Array
(
    [selected_cart_ids] => 41
    [subtotal] => 166.65
    [actual_time] => 
    [customer_name] => Dya Yin
    [customer_email] => dyayin12@gmail.com
    [customer_contact] => 09238412372
    [customer_address] => Pickup at store
    [payment_method] => gcash
    [delivery_method] => pickup
    [pickup_date] => 2025-04-27
    [delivery_time] => 09:00
    [delivery_date] => 2025-04-25
    [notes] => 
)

--------------------------------------------------
[2025-04-24 05:08:17] Processed Form Data
Data: Array
(
    [customer_name] => Dya Yin
    [customer_contact] => 09238412372
    [customer_email] => dyayin12@gmail.com
    [payment_method] => gcash
    [delivery_method] => pickup
    [subtotal] => 166.65
)

--------------------------------------------------
[2025-04-24 05:08:17] Selected Cart Items
Data: Array
(
    [0] => 41
)

--------------------------------------------------
[2025-04-24 05:08:17] Total Items Count
Data: 3
--------------------------------------------------
[2025-04-24 05:08:17] Parameter count for explicit ID query
Data: Array
(
    [placeholder_count] => 12
    [sql] => INSERT INTO orders (
                    order_id, customer_name, customer_contact, customer_address, 
                    payment_method, delivery_method, delivery_date, pickup_date, 
                    delivery_time, notes, total_items, total_amount, status, order_date
                ) VALUES (?, ?, ?, ?, ?, ?, ?, ?, ?, ?, ?, ?, 'Pending', NOW())
)

--------------------------------------------------
[2025-04-24 05:08:17] Preparing to insert order
Data: Array
(
    [delivery_method] => Pick-up
    [next_id] => 5
    [sql] => INSERT INTO orders (
                    order_id, customer_name, customer_contact, customer_address, 
                    payment_method, delivery_method, delivery_date, pickup_date, 
                    delivery_time, notes, total_items, total_amount, status, order_date
                ) VALUES (?, ?, ?, ?, ?, ?, ?, ?, ?, ?, ?, ?, 'Pending', NOW())
    [user_id] => 3
    [customer_details] => Array
        (
            [name] => Dya Yin
            [contact] => 09238412372
            [address] => Pickup at store
        )

)

--------------------------------------------------
[2025-04-24 05:08:17] Order Created
Data: 5
--------------------------------------------------
[2025-04-24 05:08:17] Processing Cart Item
Data: Array
(
    [id] => 41
    [user_id] => 3
    [product_id] => 3
    [quantity] => 3
    [price] => 55.55
    [created_at] => 2025-04-24 11:07:51
    [updated_at] => 2025-04-24 11:07:51
    [product_name] => Apple
    [product_stock] => 49
    [image_url] => assets/product-images/Apple/img1.jpg
)

--------------------------------------------------
[2025-04-24 05:08:17] Transaction Committed Successfully
--------------------------------------------------
[2025-04-24 05:08:21] Email notification sent
--------------------------------------------------
[2025-04-26 05:46:40] POST Data Received
Data: Array
(
    [selected_cart_ids] => 42
    [subtotal] => 33
    [actual_time] => 
    [customer_name] => Dya Yin
    [customer_email] => dyayin12@gmail.com
    [customer_contact] => 09238412372
    [customer_address] => Pickup at store
    [payment_method] => maya
    [delivery_method] => pickup
    [pickup_date] => 2025-04-28
    [delivery_time] => 01:00
    [delivery_date] => 2025-04-27
    [notes] => 
)

--------------------------------------------------
[2025-04-26 05:46:40] Processed Form Data
Data: Array
(
    [customer_name] => Dya Yin
    [customer_contact] => 09238412372
    [customer_email] => dyayin12@gmail.com
    [payment_method] => maya
    [delivery_method] => pickup
    [subtotal] => 33
)

--------------------------------------------------
[2025-04-26 05:46:40] Selected Cart Items
Data: Array
(
    [0] => 42
)

--------------------------------------------------
[2025-04-26 05:46:40] Total Items Count
Data: 1
--------------------------------------------------
[2025-04-26 05:46:40] Parameter count for explicit ID query
Data: Array
(
    [placeholder_count] => 12
    [sql] => INSERT INTO orders (
                    order_id, customer_name, customer_contact, customer_address, 
                    payment_method, delivery_method, delivery_date, pickup_date, 
                    delivery_time, notes, total_items, total_amount, status, order_date
                ) VALUES (?, ?, ?, ?, ?, ?, ?, ?, ?, ?, ?, ?, 'Pending', NOW())
)

--------------------------------------------------
[2025-04-26 05:46:40] Preparing to insert order
Data: Array
(
    [delivery_method] => Pick-up
    [next_id] => 6
    [sql] => INSERT INTO orders (
                    order_id, customer_name, customer_contact, customer_address, 
                    payment_method, delivery_method, delivery_date, pickup_date, 
                    delivery_time, notes, total_items, total_amount, status, order_date
                ) VALUES (?, ?, ?, ?, ?, ?, ?, ?, ?, ?, ?, ?, 'Pending', NOW())
    [user_id] => 3
    [customer_details] => Array
        (
            [name] => Dya Yin
            [contact] => 09238412372
            [address] => Pickup at store
        )

)

--------------------------------------------------
[2025-04-26 05:46:40] Order Created
Data: 6
--------------------------------------------------
[2025-04-26 05:46:40] Processing Cart Item
Data: Array
(
    [id] => 42
    [user_id] => 3
    [product_id] => 8
    [quantity] => 1
    [price] => 33.00
    [created_at] => 2025-04-26 11:45:19
    [updated_at] => 2025-04-26 11:45:19
    [product_name] => asdfasd
    [product_stock] => 16
    [image_url] => assets/product-images/asdfasd/Circle Empty Mid.png
)

--------------------------------------------------
[2025-04-26 05:46:40] Transaction Committed Successfully
--------------------------------------------------
[2025-04-26 05:46:44] Email notification sent
--------------------------------------------------
[2025-04-26 12:03:27] POST Data Received
Data: Array
(
    [selected_cart_ids] => 43
    [subtotal] => 33
    [actual_time] => 
    [customer_name] => Dya Yin
    [customer_email] => dyayin12@gmail.com
    [customer_contact] => 09238412372
    [customer_address] => Pickup at store
    [payment_method] => gcash
    [delivery_method] => pickup
    [pickup_date] => 2025-05-01
    [delivery_time] => 09:04
    [delivery_date] => 2025-04-27
    [notes] => 
)

--------------------------------------------------
[2025-04-26 12:03:27] Processed Form Data
Data: Array
(
    [customer_name] => Dya Yin
    [customer_contact] => 09238412372
    [customer_email] => dyayin12@gmail.com
    [payment_method] => gcash
    [delivery_method] => pickup
    [subtotal] => 33
)

--------------------------------------------------
[2025-04-26 12:03:27] Selected Cart Items
Data: Array
(
    [0] => 43
)

--------------------------------------------------
[2025-04-26 12:03:27] Total Items Count
Data: 1
--------------------------------------------------
[2025-04-26 12:03:27] Parameter count for explicit ID query
Data: Array
(
    [placeholder_count] => 12
    [sql] => INSERT INTO orders (
                    order_id, customer_name, customer_contact, customer_address, 
                    payment_method, delivery_method, delivery_date, pickup_date, 
                    delivery_time, notes, total_items, total_amount, status, order_date
                ) VALUES (?, ?, ?, ?, ?, ?, ?, ?, ?, ?, ?, ?, 'Pending', NOW())
)

--------------------------------------------------
[2025-04-26 12:03:27] Preparing to insert order
Data: Array
(
    [delivery_method] => Pick-up
    [next_id] => 7
    [sql] => INSERT INTO orders (
                    order_id, customer_name, customer_contact, customer_address, 
                    payment_method, delivery_method, delivery_date, pickup_date, 
                    delivery_time, notes, total_items, total_amount, status, order_date
                ) VALUES (?, ?, ?, ?, ?, ?, ?, ?, ?, ?, ?, ?, 'Pending', NOW())
    [user_id] => 3
    [customer_details] => Array
        (
            [name] => Dya Yin
            [contact] => 09238412372
            [address] => Pickup at store
        )

)

--------------------------------------------------
[2025-04-26 12:03:27] Order Created
Data: 7
--------------------------------------------------
[2025-04-26 12:03:27] Processing Cart Item
Data: Array
(
    [id] => 43
    [user_id] => 3
    [product_id] => 8
    [quantity] => 1
    [price] => 33.00
    [created_at] => 2025-04-26 11:54:19
    [updated_at] => 2025-04-26 11:54:19
    [product_name] => asdfasd
    [product_stock] => 15
    [image_url] => assets/product-images/asdfasd/Circle Empty Mid.png
)

--------------------------------------------------
[2025-04-26 12:03:27] Transaction Committed Successfully
--------------------------------------------------
[2025-04-26 12:03:31] Email notification sent
--------------------------------------------------
[2025-04-26 12:05:20] POST Data Received
Data: Array
(
    [selected_cart_ids] => 45
    [subtotal] => 33
    [actual_time] => 
    [customer_name] => Dya Yin
    [customer_email] => dyayin12@gmail.com
    [customer_contact] => 09238412372
    [customer_address] => Pickup at store
    [payment_method] => gcash
    [delivery_method] => pickup
    [pickup_date] => 2025-05-01
    [delivery_time] => 09:00
    [delivery_date] => 2025-04-27
    [notes] => 
)

--------------------------------------------------
[2025-04-26 12:05:20] Processed Form Data
Data: Array
(
    [customer_name] => Dya Yin
    [customer_contact] => 09238412372
    [customer_email] => dyayin12@gmail.com
    [payment_method] => gcash
    [delivery_method] => pickup
    [subtotal] => 33
)

--------------------------------------------------
[2025-04-26 12:05:20] Selected Cart Items
Data: Array
(
    [0] => 45
)

--------------------------------------------------
[2025-04-26 12:05:20] Total Items Count
Data: 1
--------------------------------------------------
[2025-04-26 12:05:20] Parameter count for explicit ID query
Data: Array
(
    [placeholder_count] => 12
    [sql] => INSERT INTO orders (
                    order_id, customer_name, customer_contact, customer_address, 
                    payment_method, delivery_method, delivery_date, pickup_date, 
                    delivery_time, notes, total_items, total_amount, status, order_date
                ) VALUES (?, ?, ?, ?, ?, ?, ?, ?, ?, ?, ?, ?, 'Pending', NOW())
)

--------------------------------------------------
[2025-04-26 12:05:20] Preparing to insert order
Data: Array
(
    [delivery_method] => Pick-up
    [next_id] => 8
    [sql] => INSERT INTO orders (
                    order_id, customer_name, customer_contact, customer_address, 
                    payment_method, delivery_method, delivery_date, pickup_date, 
                    delivery_time, notes, total_items, total_amount, status, order_date
                ) VALUES (?, ?, ?, ?, ?, ?, ?, ?, ?, ?, ?, ?, 'Pending', NOW())
    [user_id] => 3
    [customer_details] => Array
        (
            [name] => Dya Yin
            [contact] => 09238412372
            [address] => Pickup at store
        )

)

--------------------------------------------------
[2025-04-26 12:05:20] Order Created
Data: 8
--------------------------------------------------
[2025-04-26 12:05:20] Processing Cart Item
Data: Array
(
    [id] => 45
    [user_id] => 3
    [product_id] => 8
    [quantity] => 1
    [price] => 33.00
    [created_at] => 2025-04-26 18:04:50
    [updated_at] => 2025-04-26 18:04:50
    [product_name] => asdfasd
    [product_stock] => 14
    [image_url] => assets/product-images/asdfasd/Circle Empty Mid.png
)

--------------------------------------------------
[2025-04-26 12:05:20] Transaction Committed Successfully
--------------------------------------------------
[2025-04-26 12:05:23] Email notification sent
--------------------------------------------------
[2025-04-26 12:05:49] POST Data Received
Data: Array
(
    [selected_cart_ids] => 44
    [subtotal] => 500
    [actual_time] => 
    [customer_name] => Dya Yin
    [customer_email] => dyayin12@gmail.com
    [customer_contact] => 09238412372
    [customer_address] => Pickup at store
    [payment_method] => gcash
    [delivery_method] => pickup
    [pickup_date] => 2025-05-01
    [delivery_time] => 11:00
    [delivery_date] => 2025-04-27
    [notes] => 
)

--------------------------------------------------
[2025-04-26 12:05:49] Processed Form Data
Data: Array
(
    [customer_name] => Dya Yin
    [customer_contact] => 09238412372
    [customer_email] => dyayin12@gmail.com
    [payment_method] => gcash
    [delivery_method] => pickup
    [subtotal] => 500
)

--------------------------------------------------
[2025-04-26 12:05:49] Selected Cart Items
Data: Array
(
    [0] => 44
)

--------------------------------------------------
[2025-04-26 12:05:49] Total Items Count
Data: 1
--------------------------------------------------
[2025-04-26 12:05:49] Parameter count for explicit ID query
Data: Array
(
    [placeholder_count] => 12
    [sql] => INSERT INTO orders (
                    order_id, customer_name, customer_contact, customer_address, 
                    payment_method, delivery_method, delivery_date, pickup_date, 
                    delivery_time, notes, total_items, total_amount, status, order_date
                ) VALUES (?, ?, ?, ?, ?, ?, ?, ?, ?, ?, ?, ?, 'Pending', NOW())
)

--------------------------------------------------
[2025-04-26 12:05:49] Preparing to insert order
Data: Array
(
    [delivery_method] => Pick-up
    [next_id] => 9
    [sql] => INSERT INTO orders (
                    order_id, customer_name, customer_contact, customer_address, 
                    payment_method, delivery_method, delivery_date, pickup_date, 
                    delivery_time, notes, total_items, total_amount, status, order_date
                ) VALUES (?, ?, ?, ?, ?, ?, ?, ?, ?, ?, ?, ?, 'Pending', NOW())
    [user_id] => 3
    [customer_details] => Array
        (
            [name] => Dya Yin
            [contact] => 09238412372
            [address] => Pickup at store
        )

)

--------------------------------------------------
[2025-04-26 12:05:49] Order Created
Data: 9
--------------------------------------------------
[2025-04-26 12:05:49] Processing Cart Item
Data: Array
(
    [id] => 44
    [user_id] => 3
    [product_id] => 9
    [quantity] => 1
    [price] => 500.00
    [created_at] => 2025-04-26 18:03:55
    [updated_at] => 2025-04-26 18:03:55
    [product_name] => Banana Cupcake
    [product_stock] => 26
    [image_url] => assets/product-images/Banana_Cupcake/s1.jpg
)

--------------------------------------------------
[2025-04-26 12:05:49] Transaction Committed Successfully
--------------------------------------------------
[2025-04-26 12:05:52] Email notification sent
--------------------------------------------------
[2025-04-29 07:55:36] POST Data Received
Data: Array
(
    [selected_cart_ids] => 47
    [subtotal] => 33
    [actual_time] => 
    [customer_name] => Annalyn De Chavez
    [customer_email] => ainepascua4@gmail.com
    [customer_contact] => 09238412372
    [customer_address] => Pickup at store
    [payment_method] => gcash
    [delivery_method] => pickup
    [pickup_date] => 2025-05-03
    [delivery_time] => 09:04
    [delivery_date] => 2025-04-30
    [notes] => 
)

--------------------------------------------------
[2025-04-29 07:55:36] Processed Form Data
Data: Array
(
    [customer_name] => Annalyn De Chavez
    [customer_contact] => 09238412372
    [customer_email] => ainepascua4@gmail.com
    [payment_method] => gcash
    [delivery_method] => pickup
    [subtotal] => 33
)

--------------------------------------------------
[2025-04-29 07:55:36] Selected Cart Items
Data: Array
(
    [0] => 47
)

--------------------------------------------------
[2025-04-29 07:55:36] Total Items Count
Data: 1
--------------------------------------------------
[2025-04-29 07:55:36] Parameter count for explicit ID query
Data: Array
(
    [placeholder_count] => 12
    [sql] => INSERT INTO orders (
                    order_id, customer_name, customer_contact, customer_address, 
                    payment_method, delivery_method, delivery_date, pickup_date, 
                    delivery_time, notes, total_items, total_amount, status, order_date
                ) VALUES (?, ?, ?, ?, ?, ?, ?, ?, ?, ?, ?, ?, 'Pending', NOW())
)

--------------------------------------------------
[2025-04-29 07:55:36] Preparing to insert order
Data: Array
(
    [delivery_method] => Pick-up
    [next_id] => 10
    [sql] => INSERT INTO orders (
                    order_id, customer_name, customer_contact, customer_address, 
                    payment_method, delivery_method, delivery_date, pickup_date, 
                    delivery_time, notes, total_items, total_amount, status, order_date
                ) VALUES (?, ?, ?, ?, ?, ?, ?, ?, ?, ?, ?, ?, 'Pending', NOW())
    [user_id] => 5
    [customer_details] => Array
        (
            [name] => Annalyn De Chavez
            [contact] => 09238412372
            [address] => Pickup at store
        )

)

--------------------------------------------------
[2025-04-29 07:55:36] Order Created
Data: 10
--------------------------------------------------
[2025-04-29 07:55:36] Processing Cart Item
Data: Array
(
    [id] => 47
    [user_id] => 5
    [product_id] => 8
    [quantity] => 1
    [price] => 33.00
    [created_at] => 2025-04-29 13:55:11
    [updated_at] => 2025-04-29 13:55:11
    [product_name] => asdfasd
    [product_stock] => 13
    [image_url] => assets/product-images/asdfasd/Circle Empty Mid.png
)

--------------------------------------------------
[2025-04-29 07:55:36] Transaction Committed Successfully
--------------------------------------------------
[2025-04-29 07:55:40] Email notification sent
--------------------------------------------------
[2025-04-29 07:58:40] POST Data Received
Data: Array
(
    [selected_cart_ids] => 48
    [subtotal] => 33
    [actual_time] => 
    [customer_name] => Annalyn De Chavez
    [customer_email] => ainepascua4@gmail.com
    [customer_contact] => 09238412372
    [customer_address] => Pickup at store
    [payment_method] => gcash
    [delivery_method] => pickup
    [pickup_date] => 2025-05-03
    [delivery_time] => 09:00
    [delivery_date] => 2025-04-30
    [notes] => 
)

--------------------------------------------------
[2025-04-29 07:58:40] Processed Form Data
Data: Array
(
    [customer_name] => Annalyn De Chavez
    [customer_contact] => 09238412372
    [customer_email] => ainepascua4@gmail.com
    [payment_method] => gcash
    [delivery_method] => pickup
    [subtotal] => 33
)

--------------------------------------------------
[2025-04-29 07:58:40] Selected Cart Items
Data: Array
(
    [0] => 48
)

--------------------------------------------------
[2025-04-29 07:58:40] Total Items Count
Data: 1
--------------------------------------------------
[2025-04-29 07:58:40] Parameter count for explicit ID query
Data: Array
(
    [placeholder_count] => 12
    [sql] => INSERT INTO orders (
                    order_id, customer_name, customer_contact, customer_address, 
                    payment_method, delivery_method, delivery_date, pickup_date, 
                    delivery_time, notes, total_items, total_amount, status, order_date
                ) VALUES (?, ?, ?, ?, ?, ?, ?, ?, ?, ?, ?, ?, 'Pending', NOW())
)

--------------------------------------------------
[2025-04-29 07:58:40] Preparing to insert order
Data: Array
(
    [delivery_method] => Pick-up
    [next_id] => 1
    [sql] => INSERT INTO orders (
                    order_id, customer_name, customer_contact, customer_address, 
                    payment_method, delivery_method, delivery_date, pickup_date, 
                    delivery_time, notes, total_items, total_amount, status, order_date
                ) VALUES (?, ?, ?, ?, ?, ?, ?, ?, ?, ?, ?, ?, 'Pending', NOW())
    [user_id] => 5
    [customer_details] => Array
        (
            [name] => Annalyn De Chavez
            [contact] => 09238412372
            [address] => Pickup at store
        )

)

--------------------------------------------------
[2025-04-29 07:58:40] Order Created
Data: 1
--------------------------------------------------
[2025-04-29 07:58:40] Processing Cart Item
Data: Array
(
    [id] => 48
    [user_id] => 5
    [product_id] => 8
    [quantity] => 1
    [price] => 33.00
    [created_at] => 2025-04-29 13:58:20
    [updated_at] => 2025-04-29 13:58:20
    [product_name] => asdfasd
    [product_stock] => 12
    [image_url] => assets/product-images/asdfasd/Circle Empty Mid.png
)

--------------------------------------------------
[2025-04-29 07:58:40] Transaction Committed Successfully
--------------------------------------------------
[2025-04-29 07:58:44] Email notification sent
--------------------------------------------------
[2025-04-29 09:16:33] POST Data Received
Data: Array
(
    [selected_cart_ids] => 49
    [subtotal] => 1610.95
    [actual_time] => 
    [customer_name] => Annalyn De Chavez
    [customer_email] => ainepascua4@gmail.com
    [customer_contact] => 09238412372
    [customer_address] => Pickup at store
    [payment_method] => gcash
    [delivery_method] => pickup
    [pickup_date] => 2025-05-03
    [delivery_time] => 09:00
    [delivery_date] => 2025-04-30
    [notes] => 
)

--------------------------------------------------
[2025-04-29 09:16:33] Processed Form Data
Data: Array
(
    [customer_name] => Annalyn De Chavez
    [customer_contact] => 09238412372
    [customer_email] => ainepascua4@gmail.com
    [payment_method] => gcash
    [delivery_method] => pickup
    [subtotal] => 1610.95
)

--------------------------------------------------
[2025-04-29 09:16:33] Selected Cart Items
Data: Array
(
    [0] => 49
)

--------------------------------------------------
[2025-04-29 09:16:33] Total Items Count
Data: 29
--------------------------------------------------
[2025-04-29 09:16:33] Parameter count for explicit ID query
Data: Array
(
    [placeholder_count] => 12
    [sql] => INSERT INTO orders (
                    order_id, customer_name, customer_contact, customer_address, 
                    payment_method, delivery_method, delivery_date, pickup_date, 
                    delivery_time, notes, total_items, total_amount, status, order_date
                ) VALUES (?, ?, ?, ?, ?, ?, ?, ?, ?, ?, ?, ?, 'Pending', NOW())
)

--------------------------------------------------
[2025-04-29 09:16:33] Preparing to insert order
Data: Array
(
    [delivery_method] => Pick-up
    [next_id] => 2
    [sql] => INSERT INTO orders (
                    order_id, customer_name, customer_contact, customer_address, 
                    payment_method, delivery_method, delivery_date, pickup_date, 
                    delivery_time, notes, total_items, total_amount, status, order_date
                ) VALUES (?, ?, ?, ?, ?, ?, ?, ?, ?, ?, ?, ?, 'Pending', NOW())
    [user_id] => 5
    [customer_details] => Array
        (
            [name] => Annalyn De Chavez
            [contact] => 09238412372
            [address] => Pickup at store
        )

)

--------------------------------------------------
[2025-04-29 09:16:33] Order Created
Data: 2
--------------------------------------------------
[2025-04-29 09:16:33] Processing Cart Item
Data: Array
(
    [id] => 49
    [user_id] => 5
    [product_id] => 3
    [quantity] => 29
    [price] => 55.55
    [created_at] => 2025-04-29 15:15:58
    [updated_at] => 2025-04-29 15:16:08
    [product_name] => Apple
    [product_stock] => 46
    [image_url] => assets/product-images/Apple/img1.jpg
)

--------------------------------------------------
[2025-04-29 09:16:33] Transaction Committed Successfully
--------------------------------------------------
[2025-04-29 09:16:35] Email notification failed
--------------------------------------------------
[2025-04-29 09:47:17] POST Data Received
Data: Array
(
    [selected_cart_ids] => 50
    [subtotal] => 500
    [actual_time] => 
    [customer_name] => Annalyn De Chavez
    [customer_email] => ainepascua4@gmail.com
    [customer_contact] => 09238412372
    [customer_address] => Pickup at store
    [payment_method] => gcash
    [delivery_method] => pickup
    [pickup_date] => 2025-05-03
    [delivery_time] => 09:00
    [delivery_date] => 2025-04-30
    [notes] => asdasdasdasd
)

--------------------------------------------------
[2025-04-29 09:47:17] Processed Form Data
Data: Array
(
    [customer_name] => Annalyn De Chavez
    [customer_contact] => 09238412372
    [customer_email] => ainepascua4@gmail.com
    [payment_method] => gcash
    [delivery_method] => pickup
    [subtotal] => 500
)

--------------------------------------------------
[2025-04-29 09:47:17] Selected Cart Items
Data: Array
(
    [0] => 50
)

--------------------------------------------------
[2025-04-29 09:47:17] Total Items Count
Data: 1
--------------------------------------------------
[2025-04-29 09:47:17] Parameter count for explicit ID query
Data: Array
(
    [placeholder_count] => 12
    [sql] => INSERT INTO orders (
                    order_id, customer_name, customer_contact, customer_address, 
                    payment_method, delivery_method, delivery_date, pickup_date, 
                    delivery_time, notes, total_items, total_amount, status, order_date
                ) VALUES (?, ?, ?, ?, ?, ?, ?, ?, ?, ?, ?, ?, 'Pending', NOW())
)

--------------------------------------------------
[2025-04-29 09:47:17] Preparing to insert order
Data: Array
(
    [delivery_method] => Pick-up
    [next_id] => 3
    [sql] => INSERT INTO orders (
                    order_id, customer_name, customer_contact, customer_address, 
                    payment_method, delivery_method, delivery_date, pickup_date, 
                    delivery_time, notes, total_items, total_amount, status, order_date
                ) VALUES (?, ?, ?, ?, ?, ?, ?, ?, ?, ?, ?, ?, 'Pending', NOW())
    [user_id] => 5
    [customer_details] => Array
        (
            [name] => Annalyn De Chavez
            [contact] => 09238412372
            [address] => Pickup at store
        )

)

--------------------------------------------------
[2025-04-29 09:47:17] Order Created
Data: 3
--------------------------------------------------
[2025-04-29 09:47:17] Processing Cart Item
Data: Array
(
    [id] => 50
    [user_id] => 5
    [product_id] => 9
    [quantity] => 1
    [price] => 500.00
    [created_at] => 2025-04-29 15:21:51
    [updated_at] => 2025-04-29 15:21:51
    [product_name] => Banana Cupcake
    [product_stock] => 25
    [image_url] => assets/product-images/Banana_Cupcake/s1.jpg
)

--------------------------------------------------
[2025-04-29 09:47:17] Transaction Committed Successfully
--------------------------------------------------
[2025-04-29 09:47:20] Email notification failed
--------------------------------------------------
[2025-04-29 09:48:07] POST Data Received
Data: Array
(
    [selected_cart_ids] => 51
    [subtotal] => 55.55
    [actual_time] => 
    [customer_name] => Annalyn De Chavez
    [customer_email] => ainepascua4@gmail.com
    [customer_contact] => 09238412372
    [customer_address] => Pickup at store
    [payment_method] => gcash
    [delivery_method] => pickup
    [pickup_date] => 2025-05-03
    [delivery_time] => 09:00
    [delivery_date] => 2025-04-30
    [notes] => testingg
)

--------------------------------------------------
[2025-04-29 09:48:07] Processed Form Data
Data: Array
(
    [customer_name] => Annalyn De Chavez
    [customer_contact] => 09238412372
    [customer_email] => ainepascua4@gmail.com
    [payment_method] => gcash
    [delivery_method] => pickup
    [subtotal] => 55.55
)

--------------------------------------------------
[2025-04-29 09:48:07] Selected Cart Items
Data: Array
(
    [0] => 51
)

--------------------------------------------------
[2025-04-29 09:48:07] Total Items Count
Data: 1
--------------------------------------------------
[2025-04-29 09:48:07] Parameter count for explicit ID query
Data: Array
(
    [placeholder_count] => 12
    [sql] => INSERT INTO orders (
                    order_id, customer_name, customer_contact, customer_address, 
                    payment_method, delivery_method, delivery_date, pickup_date, 
                    delivery_time, notes, total_items, total_amount, status, order_date
                ) VALUES (?, ?, ?, ?, ?, ?, ?, ?, ?, ?, ?, ?, 'Pending', NOW())
)

--------------------------------------------------
[2025-04-29 09:48:07] Preparing to insert order
Data: Array
(
    [delivery_method] => Pick-up
    [next_id] => 4
    [sql] => INSERT INTO orders (
                    order_id, customer_name, customer_contact, customer_address, 
                    payment_method, delivery_method, delivery_date, pickup_date, 
                    delivery_time, notes, total_items, total_amount, status, order_date
                ) VALUES (?, ?, ?, ?, ?, ?, ?, ?, ?, ?, ?, ?, 'Pending', NOW())
    [user_id] => 5
    [customer_details] => Array
        (
            [name] => Annalyn De Chavez
            [contact] => 09238412372
            [address] => Pickup at store
        )

)

--------------------------------------------------
[2025-04-29 09:48:07] Order Created
Data: 4
--------------------------------------------------
[2025-04-29 09:48:07] Processing Cart Item
Data: Array
(
    [id] => 51
    [user_id] => 5
    [product_id] => 3
    [quantity] => 1
    [price] => 55.55
    [created_at] => 2025-04-29 15:47:25
    [updated_at] => 2025-04-29 15:47:25
    [product_name] => Apple
    [product_stock] => 17
    [image_url] => assets/product-images/Apple/img1.jpg
)

--------------------------------------------------
[2025-04-29 09:48:07] Transaction Committed Successfully
--------------------------------------------------
[2025-04-29 09:48:09] Email notification failed
--------------------------------------------------
[Notif Trigger] orderId: 19, status: Delivered
[Notif Error] No user found for user_id: 32 (orderId: 19)
[Notif Trigger] orderId: 17, status: Picked-up
[Notif Trigger] orderId: 17, status: Delivered
[Notif Error] No user found for user_id: 30 (orderId: 17)
